mode: set
github.com/fivetime/kubezoo-gateway/cmd/clusterresourcequota/install.go:29.13,33.2 3 0
github.com/fivetime/kubezoo-gateway/cmd/clusterresourcequota/install.go:35.83,39.2 3 0
github.com/fivetime/kubezoo-gateway/cmd/clusterresourcequota/main.go:43.13,87.16 16 0
github.com/fivetime/kubezoo-gateway/cmd/clusterresourcequota/main.go:87.16,90.3 2 0
github.com/fivetime/kubezoo-gateway/cmd/clusterresourcequota/main.go:92.2,95.16 2 0
github.com/fivetime/kubezoo-gateway/cmd/clusterresourcequota/main.go:95.16,98.3 2 0
github.com/fivetime/kubezoo-gateway/cmd/clusterresourcequota/main.go:100.2,106.39 1 0
github.com/fivetime/kubezoo-gateway/cmd/clusterresourcequota/main.go:106.39,109.3 2 0
github.com/fivetime/kubezoo-gateway/cmd/clusterresourcequota/main.go:113.2,113.69 1 0
github.com/fivetime/kubezoo-gateway/cmd/clusterresourcequota/main.go:113.69,116.3 2 0
github.com/fivetime/kubezoo-gateway/cmd/clusterresourcequota/main.go:117.2,117.67 1 0
github.com/fivetime/kubezoo-gateway/cmd/clusterresourcequota/main.go:117.67,120.3 2 0
github.com/fivetime/kubezoo-gateway/cmd/clusterresourcequota/main.go:122.2,123.61 2 0
github.com/fivetime/kubezoo-gateway/cmd/clusterresourcequota/main.go:123.61,126.3 2 0
github.com/fivetime/kubezoo-gateway/cmd/kubezoo/main.go:30.13,38.42 5 0
github.com/fivetime/kubezoo-gateway/cmd/kubezoo/main.go:38.42,40.3 1 0
github.com/fivetime/kubezoo-gateway/pkg/convert/accessreview.go:53.53,55.2 1 1
github.com/fivetime/kubezoo-gateway/pkg/convert/accessreview.go:58.104,59.30 1 1
github.com/fivetime/kubezoo-gateway/pkg/convert/accessreview.go:60.46,62.21 2 1
github.com/fivetime/kubezoo-gateway/pkg/convert/accessreview.go:63.47,65.64 2 1
github.com/fivetime/kubezoo-gateway/pkg/convert/accessreview.go:65.64,67.4 1 0
github.com/fivetime/kubezoo-gateway/pkg/convert/accessreview.go:68.3,68.21 1 1
github.com/fivetime/kubezoo-gateway/pkg/convert/accessreview.go:69.42,71.64 2 1
github.com/fivetime/kubezoo-gateway/pkg/convert/accessreview.go:71.64,73.4 1 1
github.com/fivetime/kubezoo-gateway/pkg/convert/accessreview.go:74.3,74.21 1 1
github.com/fivetime/kubezoo-gateway/pkg/convert/accessreview.go:75.45,76.37 1 1
github.com/fivetime/kubezoo-gateway/pkg/convert/accessreview.go:76.37,78.4 1 1
github.com/fivetime/kubezoo-gateway/pkg/convert/accessreview.go:79.3,79.21 1 1
github.com/fivetime/kubezoo-gateway/pkg/convert/accessreview.go:80.10,81.109 1 0
github.com/fivetime/kubezoo-gateway/pkg/convert/accessreview.go:89.105,90.30 1 1
github.com/fivetime/kubezoo-gateway/pkg/convert/accessreview.go:91.46,93.21 2 0
github.com/fivetime/kubezoo-gateway/pkg/convert/accessreview.go:94.47,97.21 3 1
github.com/fivetime/kubezoo-gateway/pkg/convert/accessreview.go:98.42,101.21 3 0
github.com/fivetime/kubezoo-gateway/pkg/convert/accessreview.go:102.45,105.21 3 1
github.com/fivetime/kubezoo-gateway/pkg/convert/accessreview.go:106.10,107.109 1 0
github.com/fivetime/kubezoo-gateway/pkg/convert/accessreview.go:120.95,121.23 1 1
github.com/fivetime/kubezoo-gateway/pkg/convert/accessreview.go:121.23,123.3 1 0
github.com/fivetime/kubezoo-gateway/pkg/convert/accessreview.go:124.2,124.35 1 1
github.com/fivetime/kubezoo-gateway/pkg/convert/accessreview.go:124.35,126.3 1 1
github.com/fivetime/kubezoo-gateway/pkg/convert/accessreview.go:127.2,127.75 1 1
github.com/fivetime/kubezoo-gateway/pkg/convert/accessreview.go:127.75,129.3 1 1
github.com/fivetime/kubezoo-gateway/pkg/convert/accessreview.go:132.96,133.23 1 1
github.com/fivetime/kubezoo-gateway/pkg/convert/accessreview.go:133.23,135.3 1 0
github.com/fivetime/kubezoo-gateway/pkg/convert/accessreview.go:136.2,137.72 2 1
github.com/fivetime/kubezoo-gateway/pkg/convert/accessreview.go:147.89,148.24 1 1
github.com/fivetime/kubezoo-gateway/pkg/convert/accessreview.go:148.24,150.17 2 1
github.com/fivetime/kubezoo-gateway/pkg/convert/accessreview.go:150.17,152.4 1 1
github.com/fivetime/kubezoo-gateway/pkg/convert/accessreview.go:153.3,153.24 1 1
github.com/fivetime/kubezoo-gateway/pkg/convert/accessreview.go:155.2,155.36 1 1
github.com/fivetime/kubezoo-gateway/pkg/convert/accessreview.go:155.36,157.17 2 1
github.com/fivetime/kubezoo-gateway/pkg/convert/accessreview.go:157.17,159.4 1 0
github.com/fivetime/kubezoo-gateway/pkg/convert/accessreview.go:160.3,160.29 1 1
github.com/fivetime/kubezoo-gateway/pkg/convert/accessreview.go:162.2,162.12 1 1
github.com/fivetime/kubezoo-gateway/pkg/convert/accessreview.go:165.84,167.29 2 1
github.com/fivetime/kubezoo-gateway/pkg/convert/accessreview.go:167.29,169.3 1 0
github.com/fivetime/kubezoo-gateway/pkg/convert/accessreview.go:172.65,173.68 1 1
github.com/fivetime/kubezoo-gateway/pkg/convert/accessreview.go:173.68,175.3 1 1
github.com/fivetime/kubezoo-gateway/pkg/convert/accessreview.go:176.2,176.44 1 1
github.com/fivetime/kubezoo-gateway/pkg/convert/accessreview.go:176.44,180.3 1 1
github.com/fivetime/kubezoo-gateway/pkg/convert/accessreview.go:181.2,181.56 1 0
github.com/fivetime/kubezoo-gateway/pkg/convert/accessreview.go:184.57,185.68 1 1
github.com/fivetime/kubezoo-gateway/pkg/convert/accessreview.go:185.68,187.3 1 1
github.com/fivetime/kubezoo-gateway/pkg/convert/accessreview.go:188.2,188.52 1 0
github.com/fivetime/kubezoo-gateway/pkg/convert/accessreview.go:194.59,195.15 1 1
github.com/fivetime/kubezoo-gateway/pkg/convert/accessreview.go:196.82,197.20 1 1
github.com/fivetime/kubezoo-gateway/pkg/convert/accessreview.go:199.2,199.63 1 1
github.com/fivetime/kubezoo-gateway/pkg/convert/accessreview.go:199.63,201.3 1 1
github.com/fivetime/kubezoo-gateway/pkg/convert/accessreview.go:202.2,202.41 1 0
github.com/fivetime/kubezoo-gateway/pkg/convert/accessreview.go:202.41,205.3 1 0
github.com/fivetime/kubezoo-gateway/pkg/convert/accessreview.go:206.2,206.53 1 0
github.com/fivetime/kubezoo-gateway/pkg/convert/accessreview.go:209.51,210.63 1 0
github.com/fivetime/kubezoo-gateway/pkg/convert/accessreview.go:210.63,212.3 1 0
github.com/fivetime/kubezoo-gateway/pkg/convert/accessreview.go:213.2,213.49 1 0
github.com/fivetime/kubezoo-gateway/pkg/convert/accessreview.go:219.65,221.39 2 1
github.com/fivetime/kubezoo-gateway/pkg/convert/accessreview.go:221.39,223.3 1 0
github.com/fivetime/kubezoo-gateway/pkg/convert/accessreview.go:224.2,225.25 2 1
github.com/fivetime/kubezoo-gateway/pkg/convert/accessreview.go:225.25,227.3 1 0
github.com/fivetime/kubezoo-gateway/pkg/convert/accessreview.go:228.2,228.24 1 1
github.com/fivetime/kubezoo-gateway/pkg/convert/accessreview.go:247.73,248.23 1 1
github.com/fivetime/kubezoo-gateway/pkg/convert/accessreview.go:248.23,251.3 2 1
github.com/fivetime/kubezoo-gateway/pkg/convert/accessreview.go:256.63,257.22 1 1
github.com/fivetime/kubezoo-gateway/pkg/convert/accessreview.go:257.22,259.3 1 0
github.com/fivetime/kubezoo-gateway/pkg/convert/accessreview.go:260.2,262.31 3 1
github.com/fivetime/kubezoo-gateway/pkg/convert/accessreview.go:262.31,264.18 2 1
github.com/fivetime/kubezoo-gateway/pkg/convert/accessreview.go:264.18,265.12 1 1
github.com/fivetime/kubezoo-gateway/pkg/convert/accessreview.go:267.3,268.35 2 1
github.com/fivetime/kubezoo-gateway/pkg/convert/accessreview.go:270.2,270.16 1 1
github.com/fivetime/kubezoo-gateway/pkg/convert/clusterrole.go:37.85,41.2 1 1
github.com/fivetime/kubezoo-gateway/pkg/convert/clusterrole.go:44.103,46.9 2 1
github.com/fivetime/kubezoo-gateway/pkg/convert/clusterrole.go:46.9,48.3 1 0
github.com/fivetime/kubezoo-gateway/pkg/convert/clusterrole.go:49.2,49.98 1 1
github.com/fivetime/kubezoo-gateway/pkg/convert/clusterrole.go:49.98,51.3 1 0
github.com/fivetime/kubezoo-gateway/pkg/convert/clusterrole.go:52.2,52.25 1 1
github.com/fivetime/kubezoo-gateway/pkg/convert/clusterrole.go:56.104,58.9 2 1
github.com/fivetime/kubezoo-gateway/pkg/convert/clusterrole.go:58.9,60.3 1 0
github.com/fivetime/kubezoo-gateway/pkg/convert/clusterrole.go:61.2,61.96 1 1
github.com/fivetime/kubezoo-gateway/pkg/convert/clusterrole.go:61.96,63.3 1 0
github.com/fivetime/kubezoo-gateway/pkg/convert/clusterrole.go:64.2,64.25 1 1
github.com/fivetime/kubezoo-gateway/pkg/convert/clusterrole.go:69.140,70.24 1 1
github.com/fivetime/kubezoo-gateway/pkg/convert/clusterrole.go:70.24,72.3 1 0
github.com/fivetime/kubezoo-gateway/pkg/convert/clusterrole.go:73.2,74.16 2 1
github.com/fivetime/kubezoo-gateway/pkg/convert/clusterrole.go:74.16,76.3 1 0
github.com/fivetime/kubezoo-gateway/pkg/convert/clusterrole.go:77.2,78.26 2 1
github.com/fivetime/kubezoo-gateway/pkg/convert/clusterrole.go:78.26,79.64 1 1
github.com/fivetime/kubezoo-gateway/pkg/convert/clusterrole.go:79.64,81.4 1 0
github.com/fivetime/kubezoo-gateway/pkg/convert/clusterrole.go:83.2,83.12 1 1
github.com/fivetime/kubezoo-gateway/pkg/convert/clusterrolebinding.go:37.59,39.2 1 1
github.com/fivetime/kubezoo-gateway/pkg/convert/clusterrolebinding.go:42.110,44.9 2 1
github.com/fivetime/kubezoo-gateway/pkg/convert/clusterrolebinding.go:44.9,46.3 1 0
github.com/fivetime/kubezoo-gateway/pkg/convert/clusterrolebinding.go:48.2,48.97 1 1
github.com/fivetime/kubezoo-gateway/pkg/convert/clusterrolebinding.go:48.97,50.3 1 0
github.com/fivetime/kubezoo-gateway/pkg/convert/clusterrolebinding.go:51.2,51.68 1 1
github.com/fivetime/kubezoo-gateway/pkg/convert/clusterrolebinding.go:51.68,53.3 1 1
github.com/fivetime/kubezoo-gateway/pkg/convert/clusterrolebinding.go:54.2,54.17 1 1
github.com/fivetime/kubezoo-gateway/pkg/convert/clusterrolebinding.go:58.111,60.9 2 1
github.com/fivetime/kubezoo-gateway/pkg/convert/clusterrolebinding.go:60.9,62.3 1 0
github.com/fivetime/kubezoo-gateway/pkg/convert/clusterrolebinding.go:63.2,63.95 1 1
github.com/fivetime/kubezoo-gateway/pkg/convert/clusterrolebinding.go:63.95,65.3 1 0
github.com/fivetime/kubezoo-gateway/pkg/convert/clusterrolebinding.go:66.2,66.39 1 1
github.com/fivetime/kubezoo-gateway/pkg/convert/clusterrolebinding.go:66.39,67.53 1 1
github.com/fivetime/kubezoo-gateway/pkg/convert/clusterrolebinding.go:67.53,69.4 1 1
github.com/fivetime/kubezoo-gateway/pkg/convert/clusterrolebinding.go:70.3,70.73 1 1
github.com/fivetime/kubezoo-gateway/pkg/convert/clusterrolebinding.go:72.2,72.17 1 1
github.com/fivetime/kubezoo-gateway/pkg/convert/cross-object.go:47.119,49.2 1 1
github.com/fivetime/kubezoo-gateway/pkg/convert/cross-object.go:53.138,55.16 2 1
github.com/fivetime/kubezoo-gateway/pkg/convert/cross-object.go:55.16,58.3 2 0
github.com/fivetime/kubezoo-gateway/pkg/convert/cross-object.go:61.2,62.16 2 1
github.com/fivetime/kubezoo-gateway/pkg/convert/cross-object.go:62.16,65.3 2 0
github.com/fivetime/kubezoo-gateway/pkg/convert/cross-object.go:67.2,67.12 1 1
github.com/fivetime/kubezoo-gateway/pkg/convert/cross-object.go:72.138,74.16 2 1
github.com/fivetime/kubezoo-gateway/pkg/convert/cross-object.go:74.16,77.3 2 0
github.com/fivetime/kubezoo-gateway/pkg/convert/cross-object.go:80.2,81.16 2 1
github.com/fivetime/kubezoo-gateway/pkg/convert/cross-object.go:81.16,84.3 2 0
github.com/fivetime/kubezoo-gateway/pkg/convert/cross-object.go:86.2,86.12 1 1
github.com/fivetime/kubezoo-gateway/pkg/convert/customresource.go:38.55,40.2 1 1
github.com/fivetime/kubezoo-gateway/pkg/convert/customresource.go:43.106,45.9 2 1
github.com/fivetime/kubezoo-gateway/pkg/convert/customresource.go:45.9,47.3 1 0
github.com/fivetime/kubezoo-gateway/pkg/convert/customresource.go:48.2,50.61 3 1
github.com/fivetime/kubezoo-gateway/pkg/convert/customresource.go:50.61,52.3 1 0
github.com/fivetime/kubezoo-gateway/pkg/convert/customresource.go:53.2,53.15 1 1
github.com/fivetime/kubezoo-gateway/pkg/convert/customresource.go:57.107,59.9 2 1
github.com/fivetime/kubezoo-gateway/pkg/convert/customresource.go:59.9,61.3 1 0
github.com/fivetime/kubezoo-gateway/pkg/convert/customresource.go:62.2,63.48 2 1
github.com/fivetime/kubezoo-gateway/pkg/convert/customresource.go:63.48,65.3 1 0
github.com/fivetime/kubezoo-gateway/pkg/convert/customresource.go:66.2,67.61 2 1
github.com/fivetime/kubezoo-gateway/pkg/convert/customresource.go:67.61,68.44 1 0
github.com/fivetime/kubezoo-gateway/pkg/convert/customresource.go:68.44,73.4 1 0
github.com/fivetime/kubezoo-gateway/pkg/convert/customresource.go:74.3,74.52 1 0
github.com/fivetime/kubezoo-gateway/pkg/convert/customresource.go:76.2,76.15 1 1
github.com/fivetime/kubezoo-gateway/pkg/convert/customresource.go:90.93,92.23 2 1
github.com/fivetime/kubezoo-gateway/pkg/convert/customresource.go:92.23,94.3 1 1
github.com/fivetime/kubezoo-gateway/pkg/convert/customresource.go:95.2,96.25 2 0
github.com/fivetime/kubezoo-gateway/pkg/convert/customresource.go:96.25,98.36 2 0
github.com/fivetime/kubezoo-gateway/pkg/convert/customresource.go:98.36,100.4 1 0
github.com/fivetime/kubezoo-gateway/pkg/convert/customresource.go:102.2,102.31 1 0
github.com/fivetime/kubezoo-gateway/pkg/convert/customresourcedefinition.go:40.76,44.2 1 1
github.com/fivetime/kubezoo-gateway/pkg/convert/customresourcedefinition.go:48.127,50.9 2 1
github.com/fivetime/kubezoo-gateway/pkg/convert/customresourcedefinition.go:50.9,52.3 1 0
github.com/fivetime/kubezoo-gateway/pkg/convert/customresourcedefinition.go:54.2,54.58 1 1
github.com/fivetime/kubezoo-gateway/pkg/convert/customresourcedefinition.go:54.58,57.3 1 1
github.com/fivetime/kubezoo-gateway/pkg/convert/customresourcedefinition.go:58.2,60.67 3 1
github.com/fivetime/kubezoo-gateway/pkg/convert/customresourcedefinition.go:60.67,62.3 1 0
github.com/fivetime/kubezoo-gateway/pkg/convert/customresourcedefinition.go:63.2,63.37 1 1
github.com/fivetime/kubezoo-gateway/pkg/convert/customresourcedefinition.go:63.37,65.17 2 0
github.com/fivetime/kubezoo-gateway/pkg/convert/customresourcedefinition.go:65.17,67.4 1 0
github.com/fivetime/kubezoo-gateway/pkg/convert/customresourcedefinition.go:68.3,68.35 1 0
github.com/fivetime/kubezoo-gateway/pkg/convert/customresourcedefinition.go:70.2,70.12 1 1
github.com/fivetime/kubezoo-gateway/pkg/convert/customresourcedefinition.go:75.127,77.9 2 1
github.com/fivetime/kubezoo-gateway/pkg/convert/customresourcedefinition.go:77.9,79.3 1 0
github.com/fivetime/kubezoo-gateway/pkg/convert/customresourcedefinition.go:81.2,81.50 1 1
github.com/fivetime/kubezoo-gateway/pkg/convert/customresourcedefinition.go:81.50,83.3 1 1
github.com/fivetime/kubezoo-gateway/pkg/convert/customresourcedefinition.go:84.2,86.68 3 1
github.com/fivetime/kubezoo-gateway/pkg/convert/customresourcedefinition.go:86.68,88.3 1 0
github.com/fivetime/kubezoo-gateway/pkg/convert/customresourcedefinition.go:89.2,89.37 1 1
github.com/fivetime/kubezoo-gateway/pkg/convert/customresourcedefinition.go:89.37,91.17 2 0
github.com/fivetime/kubezoo-gateway/pkg/convert/customresourcedefinition.go:91.17,93.4 1 0
github.com/fivetime/kubezoo-gateway/pkg/convert/customresourcedefinition.go:94.3,94.35 1 0
github.com/fivetime/kubezoo-gateway/pkg/convert/customresourcedefinition.go:96.2,96.12 1 1
github.com/fivetime/kubezoo-gateway/pkg/convert/customresourcedefinition.go:109.100,111.25 2 1
github.com/fivetime/kubezoo-gateway/pkg/convert/customresourcedefinition.go:111.25,113.3 1 1
github.com/fivetime/kubezoo-gateway/pkg/convert/customresourcedefinition.go:114.2,114.29 1 0
github.com/fivetime/kubezoo-gateway/pkg/convert/customresourcedefinition.go:114.29,118.3 1 0
github.com/fivetime/kubezoo-gateway/pkg/convert/customresourcedefinition.go:119.2,119.76 1 0
github.com/fivetime/kubezoo-gateway/pkg/convert/customresourcedefinition.go:119.76,121.3 1 0
github.com/fivetime/kubezoo-gateway/pkg/convert/customresourcedefinition.go:122.2,122.12 1 0
github.com/fivetime/kubezoo-gateway/pkg/convert/customresourcedefinition.go:125.101,127.100 2 1
github.com/fivetime/kubezoo-gateway/pkg/convert/customresourcedefinition.go:127.100,129.3 1 1
github.com/fivetime/kubezoo-gateway/pkg/convert/customresourcedefinition.go:130.2,130.70 1 0
github.com/fivetime/kubezoo-gateway/pkg/convert/customresourcedefinition.go:130.70,133.3 1 0
github.com/fivetime/kubezoo-gateway/pkg/convert/customresourcedefinition.go:134.2,135.12 2 0
github.com/fivetime/kubezoo-gateway/pkg/convert/customresourcedefinition.go:138.108,139.82 1 1
github.com/fivetime/kubezoo-gateway/pkg/convert/customresourcedefinition.go:139.82,141.3 1 1
github.com/fivetime/kubezoo-gateway/pkg/convert/customresourcedefinition.go:142.2,142.48 1 0
github.com/fivetime/kubezoo-gateway/pkg/convert/default.go:37.80,41.2 1 1
github.com/fivetime/kubezoo-gateway/pkg/convert/default.go:45.131,47.16 2 1
github.com/fivetime/kubezoo-gateway/pkg/convert/default.go:47.16,49.3 1 0
github.com/fivetime/kubezoo-gateway/pkg/convert/default.go:50.2,50.56 1 1
github.com/fivetime/kubezoo-gateway/pkg/convert/default.go:50.56,53.3 2 1
github.com/fivetime/kubezoo-gateway/pkg/convert/default.go:53.8,53.59 1 1
github.com/fivetime/kubezoo-gateway/pkg/convert/default.go:53.59,56.3 2 1
github.com/fivetime/kubezoo-gateway/pkg/convert/default.go:57.2,58.33 2 1
github.com/fivetime/kubezoo-gateway/pkg/convert/default.go:58.33,60.17 2 1
github.com/fivetime/kubezoo-gateway/pkg/convert/default.go:60.17,62.4 1 0
github.com/fivetime/kubezoo-gateway/pkg/convert/default.go:63.3,63.31 1 1
github.com/fivetime/kubezoo-gateway/pkg/convert/default.go:65.2,66.12 2 1
github.com/fivetime/kubezoo-gateway/pkg/convert/default.go:71.131,73.16 2 1
github.com/fivetime/kubezoo-gateway/pkg/convert/default.go:73.16,75.3 1 0
github.com/fivetime/kubezoo-gateway/pkg/convert/default.go:77.2,77.23 1 1
github.com/fivetime/kubezoo-gateway/pkg/convert/default.go:77.23,81.3 3 1
github.com/fivetime/kubezoo-gateway/pkg/convert/default.go:81.8,85.3 3 1
github.com/fivetime/kubezoo-gateway/pkg/convert/default.go:86.2,87.33 2 1
github.com/fivetime/kubezoo-gateway/pkg/convert/default.go:87.33,89.17 2 1
github.com/fivetime/kubezoo-gateway/pkg/convert/default.go:89.17,91.4 1 0
github.com/fivetime/kubezoo-gateway/pkg/convert/default.go:92.3,92.31 1 1
github.com/fivetime/kubezoo-gateway/pkg/convert/default.go:94.2,95.12 2 1
github.com/fivetime/kubezoo-gateway/pkg/convert/endpoints.go:36.80,40.2 1 1
github.com/fivetime/kubezoo-gateway/pkg/convert/endpoints.go:43.101,45.9 2 1
github.com/fivetime/kubezoo-gateway/pkg/convert/endpoints.go:45.9,47.3 1 0
github.com/fivetime/kubezoo-gateway/pkg/convert/endpoints.go:49.2,49.35 1 1
github.com/fivetime/kubezoo-gateway/pkg/convert/endpoints.go:49.35,50.49 1 1
github.com/fivetime/kubezoo-gateway/pkg/convert/endpoints.go:50.49,52.18 2 1
github.com/fivetime/kubezoo-gateway/pkg/convert/endpoints.go:52.18,54.5 1 0
github.com/fivetime/kubezoo-gateway/pkg/convert/endpoints.go:55.4,55.56 1 1
github.com/fivetime/kubezoo-gateway/pkg/convert/endpoints.go:57.3,57.57 1 1
github.com/fivetime/kubezoo-gateway/pkg/convert/endpoints.go:57.57,59.18 2 1
github.com/fivetime/kubezoo-gateway/pkg/convert/endpoints.go:59.18,61.5 1 0
github.com/fivetime/kubezoo-gateway/pkg/convert/endpoints.go:62.4,62.64 1 1
github.com/fivetime/kubezoo-gateway/pkg/convert/endpoints.go:65.2,65.23 1 1
github.com/fivetime/kubezoo-gateway/pkg/convert/endpoints.go:69.102,71.9 2 1
github.com/fivetime/kubezoo-gateway/pkg/convert/endpoints.go:71.9,73.3 1 0
github.com/fivetime/kubezoo-gateway/pkg/convert/endpoints.go:74.2,74.35 1 1
github.com/fivetime/kubezoo-gateway/pkg/convert/endpoints.go:74.35,75.49 1 1
github.com/fivetime/kubezoo-gateway/pkg/convert/endpoints.go:75.49,77.18 2 1
github.com/fivetime/kubezoo-gateway/pkg/convert/endpoints.go:77.18,79.5 1 0
github.com/fivetime/kubezoo-gateway/pkg/convert/endpoints.go:80.4,80.56 1 1
github.com/fivetime/kubezoo-gateway/pkg/convert/endpoints.go:82.3,82.57 1 1
github.com/fivetime/kubezoo-gateway/pkg/convert/endpoints.go:82.57,84.18 2 1
github.com/fivetime/kubezoo-gateway/pkg/convert/endpoints.go:84.18,86.5 1 0
github.com/fivetime/kubezoo-gateway/pkg/convert/endpoints.go:87.4,87.64 1 1
github.com/fivetime/kubezoo-gateway/pkg/convert/endpoints.go:90.2,90.23 1 1
github.com/fivetime/kubezoo-gateway/pkg/convert/endpointslice.go:36.84,40.2 1 1
github.com/fivetime/kubezoo-gateway/pkg/convert/endpointslice.go:43.105,45.9 2 1
github.com/fivetime/kubezoo-gateway/pkg/convert/endpointslice.go:45.9,47.3 1 0
github.com/fivetime/kubezoo-gateway/pkg/convert/endpointslice.go:49.2,49.41 1 1
github.com/fivetime/kubezoo-gateway/pkg/convert/endpointslice.go:49.41,51.17 2 1
github.com/fivetime/kubezoo-gateway/pkg/convert/endpointslice.go:51.17,53.4 1 0
github.com/fivetime/kubezoo-gateway/pkg/convert/endpointslice.go:54.3,54.48 1 1
github.com/fivetime/kubezoo-gateway/pkg/convert/endpointslice.go:56.2,56.27 1 1
github.com/fivetime/kubezoo-gateway/pkg/convert/endpointslice.go:60.106,62.9 2 1
github.com/fivetime/kubezoo-gateway/pkg/convert/endpointslice.go:62.9,64.3 1 0
github.com/fivetime/kubezoo-gateway/pkg/convert/endpointslice.go:66.2,66.41 1 1
github.com/fivetime/kubezoo-gateway/pkg/convert/endpointslice.go:66.41,68.17 2 1
github.com/fivetime/kubezoo-gateway/pkg/convert/endpointslice.go:68.17,70.4 1 0
github.com/fivetime/kubezoo-gateway/pkg/convert/endpointslice.go:71.3,71.48 1 1
github.com/fivetime/kubezoo-gateway/pkg/convert/endpointslice.go:73.2,73.27 1 1
github.com/fivetime/kubezoo-gateway/pkg/convert/event.go:37.76,41.2 1 1
github.com/fivetime/kubezoo-gateway/pkg/convert/event.go:44.97,46.9 2 1
github.com/fivetime/kubezoo-gateway/pkg/convert/event.go:46.9,48.3 1 0
github.com/fivetime/kubezoo-gateway/pkg/convert/event.go:50.2,51.16 2 1
github.com/fivetime/kubezoo-gateway/pkg/convert/event.go:51.16,53.3 1 0
github.com/fivetime/kubezoo-gateway/pkg/convert/event.go:54.2,55.19 2 1
github.com/fivetime/kubezoo-gateway/pkg/convert/event.go:59.98,61.9 2 1
github.com/fivetime/kubezoo-gateway/pkg/convert/event.go:61.9,63.3 1 0
github.com/fivetime/kubezoo-gateway/pkg/convert/event.go:65.2,66.16 2 1
github.com/fivetime/kubezoo-gateway/pkg/convert/event.go:66.16,68.3 1 0
github.com/fivetime/kubezoo-gateway/pkg/convert/event.go:69.2,71.19 3 1
github.com/fivetime/kubezoo-gateway/pkg/convert/ingress.go:63.70,65.37 2 1
github.com/fivetime/kubezoo-gateway/pkg/convert/ingress.go:65.37,66.56 1 1
github.com/fivetime/kubezoo-gateway/pkg/convert/ingress.go:66.56,68.4 1 1
github.com/fivetime/kubezoo-gateway/pkg/convert/ingress.go:70.2,70.52 1 1
github.com/fivetime/kubezoo-gateway/pkg/convert/ingress.go:74.99,76.9 2 1
github.com/fivetime/kubezoo-gateway/pkg/convert/ingress.go:76.9,78.3 1 0
github.com/fivetime/kubezoo-gateway/pkg/convert/ingress.go:79.2,79.82 1 1
github.com/fivetime/kubezoo-gateway/pkg/convert/ingress.go:79.82,82.3 2 1
github.com/fivetime/kubezoo-gateway/pkg/convert/ingress.go:83.2,83.101 1 1
github.com/fivetime/kubezoo-gateway/pkg/convert/ingress.go:83.101,85.3 1 1
github.com/fivetime/kubezoo-gateway/pkg/convert/ingress.go:86.2,86.21 1 1
github.com/fivetime/kubezoo-gateway/pkg/convert/ingress.go:90.100,92.9 2 1
github.com/fivetime/kubezoo-gateway/pkg/convert/ingress.go:92.9,94.3 1 0
github.com/fivetime/kubezoo-gateway/pkg/convert/ingress.go:95.2,95.82 1 1
github.com/fivetime/kubezoo-gateway/pkg/convert/ingress.go:95.82,98.3 2 1
github.com/fivetime/kubezoo-gateway/pkg/convert/ingress.go:99.2,99.101 1 1
github.com/fivetime/kubezoo-gateway/pkg/convert/ingress.go:99.101,101.3 1 0
github.com/fivetime/kubezoo-gateway/pkg/convert/ingress.go:102.2,102.21 1 1
github.com/fivetime/kubezoo-gateway/pkg/convert/ingress.go:106.72,107.28 1 1
github.com/fivetime/kubezoo-gateway/pkg/convert/ingress.go:107.28,109.3 1 1
github.com/fivetime/kubezoo-gateway/pkg/convert/ingress.go:110.2,110.48 1 1
github.com/fivetime/kubezoo-gateway/pkg/convert/ingress.go:119.70,120.28 1 1
github.com/fivetime/kubezoo-gateway/pkg/convert/ingress.go:120.28,122.3 1 1
github.com/fivetime/kubezoo-gateway/pkg/convert/ingress.go:123.2,123.49 1 1
github.com/fivetime/kubezoo-gateway/pkg/convert/init.go:32.91,156.2 7 1
github.com/fivetime/kubezoo-gateway/pkg/convert/namespace.go:32.54,34.2 1 1
github.com/fivetime/kubezoo-gateway/pkg/convert/namespace.go:36.101,38.9 2 0
github.com/fivetime/kubezoo-gateway/pkg/convert/namespace.go:38.9,40.3 1 0
github.com/fivetime/kubezoo-gateway/pkg/convert/namespace.go:47.2,47.106 1 0
github.com/fivetime/kubezoo-gateway/pkg/convert/namespace.go:47.106,49.3 1 0
github.com/fivetime/kubezoo-gateway/pkg/convert/namespace.go:50.2,50.22 1 0
github.com/fivetime/kubezoo-gateway/pkg/convert/namespace.go:50.22,52.3 1 0
github.com/fivetime/kubezoo-gateway/pkg/convert/namespace.go:53.2,53.77 1 0
github.com/fivetime/kubezoo-gateway/pkg/convert/namespace.go:53.77,55.3 1 0
github.com/fivetime/kubezoo-gateway/pkg/convert/namespace.go:55.8,57.3 1 0
github.com/fivetime/kubezoo-gateway/pkg/convert/namespace.go:58.2,58.16 1 0
github.com/fivetime/kubezoo-gateway/pkg/convert/namespace.go:61.102,63.2 1 0
github.com/fivetime/kubezoo-gateway/pkg/convert/nativeresource.go:36.87,41.2 1 1
github.com/fivetime/kubezoo-gateway/pkg/convert/nativeresource.go:45.136,47.22 2 1
github.com/fivetime/kubezoo-gateway/pkg/convert/nativeresource.go:47.22,49.3 1 1
github.com/fivetime/kubezoo-gateway/pkg/convert/nativeresource.go:50.2,50.88 1 1
github.com/fivetime/kubezoo-gateway/pkg/convert/nativeresource.go:55.136,57.22 2 1
github.com/fivetime/kubezoo-gateway/pkg/convert/nativeresource.go:57.22,59.3 1 1
github.com/fivetime/kubezoo-gateway/pkg/convert/nativeresource.go:60.2,60.88 1 1
github.com/fivetime/kubezoo-gateway/pkg/convert/nope.go:31.48,33.2 1 0
github.com/fivetime/kubezoo-gateway/pkg/convert/nope.go:36.128,38.2 1 0
github.com/fivetime/kubezoo-gateway/pkg/convert/nope.go:41.128,43.2 1 0
github.com/fivetime/kubezoo-gateway/pkg/convert/objectreference.go:43.103,45.2 1 1
github.com/fivetime/kubezoo-gateway/pkg/convert/objectreference.go:48.128,49.15 1 1
github.com/fivetime/kubezoo-gateway/pkg/convert/objectreference.go:49.15,51.3 1 0
github.com/fivetime/kubezoo-gateway/pkg/convert/objectreference.go:52.2,53.16 2 1
github.com/fivetime/kubezoo-gateway/pkg/convert/objectreference.go:53.16,55.3 1 0
github.com/fivetime/kubezoo-gateway/pkg/convert/objectreference.go:57.2,58.16 2 1
github.com/fivetime/kubezoo-gateway/pkg/convert/objectreference.go:58.16,61.29 1 0
github.com/fivetime/kubezoo-gateway/pkg/convert/objectreference.go:61.29,63.4 1 0
github.com/fivetime/kubezoo-gateway/pkg/convert/objectreference.go:63.9,63.31 1 0
github.com/fivetime/kubezoo-gateway/pkg/convert/objectreference.go:63.31,65.4 1 0
github.com/fivetime/kubezoo-gateway/pkg/convert/objectreference.go:66.3,66.17 1 0
github.com/fivetime/kubezoo-gateway/pkg/convert/objectreference.go:68.2,68.38 1 1
github.com/fivetime/kubezoo-gateway/pkg/convert/objectreference.go:68.38,70.3 1 1
github.com/fivetime/kubezoo-gateway/pkg/convert/objectreference.go:71.2,71.42 1 1
github.com/fivetime/kubezoo-gateway/pkg/convert/objectreference.go:71.42,73.3 1 1
github.com/fivetime/kubezoo-gateway/pkg/convert/objectreference.go:74.2,74.52 1 1
github.com/fivetime/kubezoo-gateway/pkg/convert/objectreference.go:74.52,76.3 1 1
github.com/fivetime/kubezoo-gateway/pkg/convert/objectreference.go:77.2,77.16 1 1
github.com/fivetime/kubezoo-gateway/pkg/convert/objectreference.go:81.129,82.15 1 1
github.com/fivetime/kubezoo-gateway/pkg/convert/objectreference.go:82.15,84.3 1 0
github.com/fivetime/kubezoo-gateway/pkg/convert/objectreference.go:85.2,86.16 2 1
github.com/fivetime/kubezoo-gateway/pkg/convert/objectreference.go:86.16,88.3 1 0
github.com/fivetime/kubezoo-gateway/pkg/convert/objectreference.go:90.2,91.16 2 1
github.com/fivetime/kubezoo-gateway/pkg/convert/objectreference.go:91.16,94.29 1 0
github.com/fivetime/kubezoo-gateway/pkg/convert/objectreference.go:94.29,96.4 1 0
github.com/fivetime/kubezoo-gateway/pkg/convert/objectreference.go:96.9,96.31 1 0
github.com/fivetime/kubezoo-gateway/pkg/convert/objectreference.go:96.31,98.4 1 0
github.com/fivetime/kubezoo-gateway/pkg/convert/objectreference.go:99.3,99.17 1 0
github.com/fivetime/kubezoo-gateway/pkg/convert/objectreference.go:101.2,101.42 1 1
github.com/fivetime/kubezoo-gateway/pkg/convert/objectreference.go:101.42,102.49 1 1
github.com/fivetime/kubezoo-gateway/pkg/convert/objectreference.go:102.49,104.4 1 0
github.com/fivetime/kubezoo-gateway/pkg/convert/objectreference.go:105.3,105.65 1 1
github.com/fivetime/kubezoo-gateway/pkg/convert/objectreference.go:108.2,108.38 1 1
github.com/fivetime/kubezoo-gateway/pkg/convert/objectreference.go:108.38,109.44 1 1
github.com/fivetime/kubezoo-gateway/pkg/convert/objectreference.go:109.44,111.4 1 0
github.com/fivetime/kubezoo-gateway/pkg/convert/objectreference.go:112.3,112.55 1 1
github.com/fivetime/kubezoo-gateway/pkg/convert/objectreference.go:115.2,115.52 1 1
github.com/fivetime/kubezoo-gateway/pkg/convert/objectreference.go:115.52,116.50 1 1
github.com/fivetime/kubezoo-gateway/pkg/convert/objectreference.go:116.50,118.4 1 0
github.com/fivetime/kubezoo-gateway/pkg/convert/objectreference.go:119.3,119.67 1 1
github.com/fivetime/kubezoo-gateway/pkg/convert/objectreference.go:121.2,121.16 1 1
github.com/fivetime/kubezoo-gateway/pkg/convert/ownerreference.go:42.101,44.2 1 1
github.com/fivetime/kubezoo-gateway/pkg/convert/ownerreference.go:47.121,48.15 1 1
github.com/fivetime/kubezoo-gateway/pkg/convert/ownerreference.go:48.15,50.3 1 0
github.com/fivetime/kubezoo-gateway/pkg/convert/ownerreference.go:51.2,52.16 2 1
github.com/fivetime/kubezoo-gateway/pkg/convert/ownerreference.go:52.16,54.3 1 0
github.com/fivetime/kubezoo-gateway/pkg/convert/ownerreference.go:56.2,57.16 2 1
github.com/fivetime/kubezoo-gateway/pkg/convert/ownerreference.go:57.16,59.3 1 0
github.com/fivetime/kubezoo-gateway/pkg/convert/ownerreference.go:60.2,60.38 1 1
github.com/fivetime/kubezoo-gateway/pkg/convert/ownerreference.go:60.38,62.3 1 1
github.com/fivetime/kubezoo-gateway/pkg/convert/ownerreference.go:63.2,63.52 1 1
github.com/fivetime/kubezoo-gateway/pkg/convert/ownerreference.go:63.52,65.3 1 0
github.com/fivetime/kubezoo-gateway/pkg/convert/ownerreference.go:66.2,66.16 1 1
github.com/fivetime/kubezoo-gateway/pkg/convert/ownerreference.go:70.122,71.15 1 1
github.com/fivetime/kubezoo-gateway/pkg/convert/ownerreference.go:71.15,73.3 1 0
github.com/fivetime/kubezoo-gateway/pkg/convert/ownerreference.go:74.2,75.16 2 1
github.com/fivetime/kubezoo-gateway/pkg/convert/ownerreference.go:75.16,77.3 1 0
github.com/fivetime/kubezoo-gateway/pkg/convert/ownerreference.go:83.2,84.16 2 1
github.com/fivetime/kubezoo-gateway/pkg/convert/ownerreference.go:84.16,86.3 1 0
github.com/fivetime/kubezoo-gateway/pkg/convert/ownerreference.go:87.2,87.17 1 1
github.com/fivetime/kubezoo-gateway/pkg/convert/ownerreference.go:87.17,92.3 1 1
github.com/fivetime/kubezoo-gateway/pkg/convert/ownerreference.go:93.2,93.25 1 1
github.com/fivetime/kubezoo-gateway/pkg/convert/ownerreference.go:93.25,94.50 1 0
github.com/fivetime/kubezoo-gateway/pkg/convert/ownerreference.go:94.50,96.4 1 0
github.com/fivetime/kubezoo-gateway/pkg/convert/ownerreference.go:97.3,97.67 1 0
github.com/fivetime/kubezoo-gateway/pkg/convert/ownerreference.go:99.2,99.16 1 1
github.com/fivetime/kubezoo-gateway/pkg/convert/pv.go:37.43,39.2 1 1
github.com/fivetime/kubezoo-gateway/pkg/convert/pv.go:42.93,45.9 2 1
github.com/fivetime/kubezoo-gateway/pkg/convert/pv.go:45.9,47.3 1 0
github.com/fivetime/kubezoo-gateway/pkg/convert/pv.go:49.2,49.68 1 1
github.com/fivetime/kubezoo-gateway/pkg/convert/pv.go:49.68,51.3 1 1
github.com/fivetime/kubezoo-gateway/pkg/convert/pv.go:52.2,52.16 1 1
github.com/fivetime/kubezoo-gateway/pkg/convert/pv.go:56.94,58.9 2 1
github.com/fivetime/kubezoo-gateway/pkg/convert/pv.go:58.9,60.3 1 0
github.com/fivetime/kubezoo-gateway/pkg/convert/pv.go:62.2,62.68 1 1
github.com/fivetime/kubezoo-gateway/pkg/convert/pv.go:62.68,63.63 1 1
github.com/fivetime/kubezoo-gateway/pkg/convert/pv.go:63.63,65.4 1 0
github.com/fivetime/kubezoo-gateway/pkg/convert/pv.go:66.3,66.93 1 1
github.com/fivetime/kubezoo-gateway/pkg/convert/pv.go:69.2,69.16 1 1
github.com/fivetime/kubezoo-gateway/pkg/convert/pvc.go:38.44,40.2 1 1
github.com/fivetime/kubezoo-gateway/pkg/convert/pvc.go:43.94,45.9 2 1
github.com/fivetime/kubezoo-gateway/pkg/convert/pvc.go:45.9,47.3 1 0
github.com/fivetime/kubezoo-gateway/pkg/convert/pvc.go:48.2,48.34 1 1
github.com/fivetime/kubezoo-gateway/pkg/convert/pvc.go:48.34,50.3 1 1
github.com/fivetime/kubezoo-gateway/pkg/convert/pvc.go:52.2,52.17 1 1
github.com/fivetime/kubezoo-gateway/pkg/convert/pvc.go:56.95,58.9 2 1
github.com/fivetime/kubezoo-gateway/pkg/convert/pvc.go:58.9,60.3 1 0
github.com/fivetime/kubezoo-gateway/pkg/convert/pvc.go:61.2,61.34 1 1
github.com/fivetime/kubezoo-gateway/pkg/convert/pvc.go:61.34,62.56 1 1
github.com/fivetime/kubezoo-gateway/pkg/convert/pvc.go:62.56,64.4 1 0
github.com/fivetime/kubezoo-gateway/pkg/convert/pvc.go:65.3,65.79 1 1
github.com/fivetime/kubezoo-gateway/pkg/convert/pvc.go:68.2,68.17 1 1
github.com/fivetime/kubezoo-gateway/pkg/convert/role.go:40.78,44.2 1 1
github.com/fivetime/kubezoo-gateway/pkg/convert/role.go:47.96,49.9 2 1
github.com/fivetime/kubezoo-gateway/pkg/convert/role.go:49.9,51.3 1 0
github.com/fivetime/kubezoo-gateway/pkg/convert/role.go:52.2,52.91 1 1
github.com/fivetime/kubezoo-gateway/pkg/convert/role.go:52.91,54.3 1 0
github.com/fivetime/kubezoo-gateway/pkg/convert/role.go:55.2,55.18 1 1
github.com/fivetime/kubezoo-gateway/pkg/convert/role.go:59.97,61.9 2 1
github.com/fivetime/kubezoo-gateway/pkg/convert/role.go:61.9,63.3 1 0
github.com/fivetime/kubezoo-gateway/pkg/convert/role.go:65.2,65.89 1 1
github.com/fivetime/kubezoo-gateway/pkg/convert/role.go:65.89,67.3 1 0
github.com/fivetime/kubezoo-gateway/pkg/convert/role.go:68.2,68.18 1 1
github.com/fivetime/kubezoo-gateway/pkg/convert/role.go:76.133,77.24 1 1
github.com/fivetime/kubezoo-gateway/pkg/convert/role.go:77.24,79.3 1 0
github.com/fivetime/kubezoo-gateway/pkg/convert/role.go:80.2,81.16 2 1
github.com/fivetime/kubezoo-gateway/pkg/convert/role.go:81.16,83.3 1 0
github.com/fivetime/kubezoo-gateway/pkg/convert/role.go:84.2,85.26 2 1
github.com/fivetime/kubezoo-gateway/pkg/convert/role.go:85.26,86.64 1 1
github.com/fivetime/kubezoo-gateway/pkg/convert/role.go:86.64,88.4 1 0
github.com/fivetime/kubezoo-gateway/pkg/convert/role.go:90.2,90.12 1 1
github.com/fivetime/kubezoo-gateway/pkg/convert/role.go:97.118,98.32 1 1
github.com/fivetime/kubezoo-gateway/pkg/convert/role.go:98.32,99.72 1 1
github.com/fivetime/kubezoo-gateway/pkg/convert/role.go:99.72,101.4 1 1
github.com/fivetime/kubezoo-gateway/pkg/convert/role.go:105.2,106.50 2 1
github.com/fivetime/kubezoo-gateway/pkg/convert/role.go:106.50,108.3 1 0
github.com/fivetime/kubezoo-gateway/pkg/convert/role.go:109.2,110.12 2 1
github.com/fivetime/kubezoo-gateway/pkg/convert/role.go:115.116,116.32 1 1
github.com/fivetime/kubezoo-gateway/pkg/convert/role.go:116.32,118.3 1 1
github.com/fivetime/kubezoo-gateway/pkg/convert/role.go:121.2,122.50 2 1
github.com/fivetime/kubezoo-gateway/pkg/convert/role.go:122.50,123.53 1 0
github.com/fivetime/kubezoo-gateway/pkg/convert/role.go:123.53,125.4 1 0
github.com/fivetime/kubezoo-gateway/pkg/convert/role.go:127.2,128.12 2 1
github.com/fivetime/kubezoo-gateway/pkg/convert/rolebinding.go:38.52,40.2 1 1
github.com/fivetime/kubezoo-gateway/pkg/convert/rolebinding.go:43.103,45.9 2 1
github.com/fivetime/kubezoo-gateway/pkg/convert/rolebinding.go:45.9,47.3 1 0
github.com/fivetime/kubezoo-gateway/pkg/convert/rolebinding.go:49.2,49.105 1 1
github.com/fivetime/kubezoo-gateway/pkg/convert/rolebinding.go:49.105,51.3 1 0
github.com/fivetime/kubezoo-gateway/pkg/convert/rolebinding.go:52.2,52.84 1 1
github.com/fivetime/kubezoo-gateway/pkg/convert/rolebinding.go:52.84,54.3 1 1
github.com/fivetime/kubezoo-gateway/pkg/convert/rolebinding.go:55.2,55.25 1 1
github.com/fivetime/kubezoo-gateway/pkg/convert/rolebinding.go:59.104,61.9 2 1
github.com/fivetime/kubezoo-gateway/pkg/convert/rolebinding.go:61.9,63.3 1 0
github.com/fivetime/kubezoo-gateway/pkg/convert/rolebinding.go:65.2,65.103 1 1
github.com/fivetime/kubezoo-gateway/pkg/convert/rolebinding.go:65.103,67.3 1 0
github.com/fivetime/kubezoo-gateway/pkg/convert/rolebinding.go:68.2,68.104 1 1
github.com/fivetime/kubezoo-gateway/pkg/convert/rolebinding.go:68.104,70.3 1 1
github.com/fivetime/kubezoo-gateway/pkg/convert/rolebinding.go:75.2,75.25 1 1
github.com/fivetime/kubezoo-gateway/pkg/convert/rolebinding.go:80.118,81.29 1 1
github.com/fivetime/kubezoo-gateway/pkg/convert/rolebinding.go:81.29,82.62 1 1
github.com/fivetime/kubezoo-gateway/pkg/convert/rolebinding.go:82.62,84.4 1 0
github.com/fivetime/kubezoo-gateway/pkg/convert/rolebinding.go:86.2,86.12 1 1
github.com/fivetime/kubezoo-gateway/pkg/convert/rolebinding.go:93.87,94.22 1 1
github.com/fivetime/kubezoo-gateway/pkg/convert/rolebinding.go:95.29,96.28 1 1
github.com/fivetime/kubezoo-gateway/pkg/convert/rolebinding.go:96.28,98.4 1 1
github.com/fivetime/kubezoo-gateway/pkg/convert/rolebinding.go:99.39,100.33 1 1
github.com/fivetime/kubezoo-gateway/pkg/convert/rolebinding.go:100.33,102.4 1 1
github.com/fivetime/kubezoo-gateway/pkg/convert/rolebinding.go:103.30,126.125 1 1
github.com/fivetime/kubezoo-gateway/pkg/convert/rolebinding.go:126.125,129.4 2 1
github.com/fivetime/kubezoo-gateway/pkg/convert/rolebinding.go:129.9,129.35 1 0
github.com/fivetime/kubezoo-gateway/pkg/convert/rolebinding.go:129.35,131.4 1 0
github.com/fivetime/kubezoo-gateway/pkg/convert/rolebinding.go:133.2,133.12 1 1
github.com/fivetime/kubezoo-gateway/pkg/convert/rolebinding.go:138.85,139.22 1 1
github.com/fivetime/kubezoo-gateway/pkg/convert/rolebinding.go:140.29,141.49 1 1
github.com/fivetime/kubezoo-gateway/pkg/convert/rolebinding.go:141.49,143.4 1 0
github.com/fivetime/kubezoo-gateway/pkg/convert/rolebinding.go:144.3,144.65 1 1
github.com/fivetime/kubezoo-gateway/pkg/convert/rolebinding.go:145.39,146.54 1 1
github.com/fivetime/kubezoo-gateway/pkg/convert/rolebinding.go:146.54,148.4 1 0
github.com/fivetime/kubezoo-gateway/pkg/convert/rolebinding.go:149.3,149.75 1 1
github.com/fivetime/kubezoo-gateway/pkg/convert/rolebinding.go:150.30,151.68 1 1
github.com/fivetime/kubezoo-gateway/pkg/convert/rolebinding.go:151.68,153.47 2 1
github.com/fivetime/kubezoo-gateway/pkg/convert/rolebinding.go:153.47,155.5 1 0
github.com/fivetime/kubezoo-gateway/pkg/convert/rolebinding.go:156.4,156.90 1 1
github.com/fivetime/kubezoo-gateway/pkg/convert/rolebinding.go:157.9,157.55 1 0
github.com/fivetime/kubezoo-gateway/pkg/convert/rolebinding.go:157.55,159.4 1 0
github.com/fivetime/kubezoo-gateway/pkg/convert/rolebinding.go:165.2,165.12 1 1
github.com/fivetime/kubezoo-gateway/pkg/convert/tokenreview.go:36.52,38.2 1 1
github.com/fivetime/kubezoo-gateway/pkg/convert/tokenreview.go:41.103,43.2 1 1
github.com/fivetime/kubezoo-gateway/pkg/convert/tokenreview.go:46.104,48.9 2 1
github.com/fivetime/kubezoo-gateway/pkg/convert/tokenreview.go:48.9,50.3 1 0
github.com/fivetime/kubezoo-gateway/pkg/convert/tokenreview.go:52.2,53.16 2 1
github.com/fivetime/kubezoo-gateway/pkg/convert/tokenreview.go:53.16,56.3 1 0
github.com/fivetime/kubezoo-gateway/pkg/convert/tokenreview.go:57.2,61.48 4 1
github.com/fivetime/kubezoo-gateway/pkg/convert/tokenreview.go:61.48,62.57 1 1
github.com/fivetime/kubezoo-gateway/pkg/convert/tokenreview.go:62.57,64.4 1 1
github.com/fivetime/kubezoo-gateway/pkg/convert/tokenreview.go:66.2,66.25 1 1
github.com/fivetime/kubezoo-gateway/pkg/convert/volumeattachment.go:37.57,39.2 1 1
github.com/fivetime/kubezoo-gateway/pkg/convert/volumeattachment.go:42.108,44.9 2 1
github.com/fivetime/kubezoo-gateway/pkg/convert/volumeattachment.go:44.9,46.3 1 0
github.com/fivetime/kubezoo-gateway/pkg/convert/volumeattachment.go:48.2,48.125 1 1
github.com/fivetime/kubezoo-gateway/pkg/convert/volumeattachment.go:48.125,50.3 1 1
github.com/fivetime/kubezoo-gateway/pkg/convert/volumeattachment.go:51.2,51.30 1 1
github.com/fivetime/kubezoo-gateway/pkg/convert/volumeattachment.go:55.109,57.9 2 1
github.com/fivetime/kubezoo-gateway/pkg/convert/volumeattachment.go:57.9,59.3 1 0
github.com/fivetime/kubezoo-gateway/pkg/convert/volumeattachment.go:61.2,61.125 1 1
github.com/fivetime/kubezoo-gateway/pkg/convert/volumeattachment.go:61.125,62.87 1 1
github.com/fivetime/kubezoo-gateway/pkg/convert/volumeattachment.go:62.87,64.4 1 0
github.com/fivetime/kubezoo-gateway/pkg/convert/volumeattachment.go:65.3,65.141 1 1
github.com/fivetime/kubezoo-gateway/pkg/convert/volumeattachment.go:67.2,67.30 1 1
github.com/fivetime/kubezoo-gateway/pkg/convert/webhookconfiguration.go:65.61,67.2 1 1
github.com/fivetime/kubezoo-gateway/pkg/convert/webhookconfiguration.go:70.112,71.30 1 1
github.com/fivetime/kubezoo-gateway/pkg/convert/webhookconfiguration.go:72.55,73.34 1 1
github.com/fivetime/kubezoo-gateway/pkg/convert/webhookconfiguration.go:73.34,75.88 2 1
github.com/fivetime/kubezoo-gateway/pkg/convert/webhookconfiguration.go:75.88,77.5 1 0
github.com/fivetime/kubezoo-gateway/pkg/convert/webhookconfiguration.go:78.4,79.42 2 1
github.com/fivetime/kubezoo-gateway/pkg/convert/webhookconfiguration.go:81.3,81.21 1 1
github.com/fivetime/kubezoo-gateway/pkg/convert/webhookconfiguration.go:82.57,83.34 1 1
github.com/fivetime/kubezoo-gateway/pkg/convert/webhookconfiguration.go:83.34,85.88 2 1
github.com/fivetime/kubezoo-gateway/pkg/convert/webhookconfiguration.go:85.88,87.5 1 1
github.com/fivetime/kubezoo-gateway/pkg/convert/webhookconfiguration.go:88.4,89.42 2 1
github.com/fivetime/kubezoo-gateway/pkg/convert/webhookconfiguration.go:91.3,91.21 1 1
github.com/fivetime/kubezoo-gateway/pkg/convert/webhookconfiguration.go:92.10,93.116 1 0
github.com/fivetime/kubezoo-gateway/pkg/convert/webhookconfiguration.go:103.113,104.30 1 1
github.com/fivetime/kubezoo-gateway/pkg/convert/webhookconfiguration.go:105.55,106.34 1 0
github.com/fivetime/kubezoo-gateway/pkg/convert/webhookconfiguration.go:106.34,107.123 1 0
github.com/fivetime/kubezoo-gateway/pkg/convert/webhookconfiguration.go:107.123,109.5 1 0
github.com/fivetime/kubezoo-gateway/pkg/convert/webhookconfiguration.go:111.3,111.21 1 0
github.com/fivetime/kubezoo-gateway/pkg/convert/webhookconfiguration.go:112.57,113.34 1 1
github.com/fivetime/kubezoo-gateway/pkg/convert/webhookconfiguration.go:113.34,114.123 1 1
github.com/fivetime/kubezoo-gateway/pkg/convert/webhookconfiguration.go:114.123,116.5 1 1
github.com/fivetime/kubezoo-gateway/pkg/convert/webhookconfiguration.go:118.3,118.21 1 1
github.com/fivetime/kubezoo-gateway/pkg/convert/webhookconfiguration.go:119.10,120.116 1 0
github.com/fivetime/kubezoo-gateway/pkg/convert/webhookconfiguration.go:128.69,132.2 1 1
github.com/fivetime/kubezoo-gateway/pkg/convert/webhookconfiguration.go:136.122,137.29 1 1
github.com/fivetime/kubezoo-gateway/pkg/convert/webhookconfiguration.go:137.29,141.3 1 1
github.com/fivetime/kubezoo-gateway/pkg/convert/webhookconfiguration.go:142.2,142.76 1 1
github.com/fivetime/kubezoo-gateway/pkg/convert/webhookconfiguration.go:142.76,144.3 1 1
github.com/fivetime/kubezoo-gateway/pkg/convert/webhookconfiguration.go:145.2,145.12 1 1
github.com/fivetime/kubezoo-gateway/pkg/convert/webhookconfiguration.go:149.123,150.77 1 1
github.com/fivetime/kubezoo-gateway/pkg/convert/webhookconfiguration.go:150.77,152.3 1 0
github.com/fivetime/kubezoo-gateway/pkg/convert/webhookconfiguration.go:153.2,153.70 1 1
github.com/fivetime/kubezoo-gateway/pkg/convert/webhookconfiguration.go:153.70,156.3 1 1
github.com/fivetime/kubezoo-gateway/pkg/convert/webhookconfiguration.go:157.2,158.12 2 1
github.com/fivetime/kubezoo-gateway/pkg/convert/webhookconfiguration.go:163.82,165.23 2 1
github.com/fivetime/kubezoo-gateway/pkg/convert/webhookconfiguration.go:165.23,167.3 1 1
github.com/fivetime/kubezoo-gateway/pkg/rest/etcd.go:34.91,38.34 2 0
github.com/fivetime/kubezoo-gateway/pkg/rest/etcd.go:38.34,38.63 1 0
github.com/fivetime/kubezoo-gateway/pkg/rest/etcd.go:40.51,40.84 1 0
github.com/fivetime/kubezoo-gateway/pkg/rest/etcd.go:54.2,55.59 2 0
github.com/fivetime/kubezoo-gateway/pkg/rest/etcd.go:55.59,57.3 1 0
github.com/fivetime/kubezoo-gateway/pkg/rest/etcd.go:58.2,58.26 1 0
github.com/fivetime/kubezoo-gateway/pkg/rest/storage_rest.go:34.53,36.2 1 0
github.com/fivetime/kubezoo-gateway/pkg/rest/storage_rest.go:39.192,44.89 2 0
github.com/fivetime/kubezoo-gateway/pkg/rest/storage_rest.go:44.89,46.17 2 0
github.com/fivetime/kubezoo-gateway/pkg/rest/storage_rest.go:46.17,48.4 1 0
github.com/fivetime/kubezoo-gateway/pkg/rest/storage_rest.go:49.3,49.82 1 0
github.com/fivetime/kubezoo-gateway/pkg/rest/storage_rest.go:52.2,52.26 1 0
github.com/fivetime/kubezoo-gateway/pkg/rest/storage_rest.go:61.124,63.16 2 0
github.com/fivetime/kubezoo-gateway/pkg/rest/storage_rest.go:63.16,65.3 1 0
github.com/fivetime/kubezoo-gateway/pkg/rest/storage_rest.go:66.2,66.63 1 0
github.com/fivetime/kubezoo-gateway/pkg/rest/storage_rest.go:70.49,72.2 1 0
github.com/fivetime/kubezoo-gateway/pkg/rest/strategy.go:37.60,39.2 1 0
github.com/fivetime/kubezoo-gateway/pkg/rest/strategy.go:42.67,44.9 2 0
github.com/fivetime/kubezoo-gateway/pkg/rest/strategy.go:44.9,46.3 1 0
github.com/fivetime/kubezoo-gateway/pkg/rest/strategy.go:47.2,47.82 1 0
github.com/fivetime/kubezoo-gateway/pkg/rest/strategy.go:51.62,53.2 1 0
github.com/fivetime/kubezoo-gateway/pkg/rest/strategy.go:57.91,63.2 1 0
github.com/fivetime/kubezoo-gateway/pkg/rest/strategy.go:70.46,72.2 1 0
github.com/fivetime/kubezoo-gateway/pkg/rest/strategy.go:74.81,77.2 2 0
github.com/fivetime/kubezoo-gateway/pkg/rest/strategy.go:79.86,83.69 3 0
github.com/fivetime/kubezoo-gateway/pkg/rest/strategy.go:83.69,85.3 1 0
github.com/fivetime/kubezoo-gateway/pkg/rest/strategy.go:88.89,91.16 3 0
github.com/fivetime/kubezoo-gateway/pkg/rest/strategy.go:91.16,98.3 1 0
github.com/fivetime/kubezoo-gateway/pkg/rest/strategy.go:100.2,100.51 1 0
github.com/fivetime/kubezoo-gateway/pkg/rest/strategy.go:111.86,112.23 1 1
github.com/fivetime/kubezoo-gateway/pkg/rest/strategy.go:112.23,114.3 1 1
github.com/fivetime/kubezoo-gateway/pkg/rest/strategy.go:115.2,115.25 1 1
github.com/fivetime/kubezoo-gateway/pkg/rest/strategy.go:116.74,117.13 1 1
github.com/fivetime/kubezoo-gateway/pkg/rest/strategy.go:119.2,123.4 1 1
github.com/fivetime/kubezoo-gateway/pkg/rest/strategy.go:127.90,127.104 1 0
github.com/fivetime/kubezoo-gateway/pkg/rest/strategy.go:129.50,131.2 1 0
github.com/fivetime/kubezoo-gateway/pkg/rest/strategy.go:133.55,135.2 1 0
github.com/fivetime/kubezoo-gateway/pkg/rest/strategy.go:137.57,138.2 0 0
github.com/fivetime/kubezoo-gateway/pkg/rest/strategy.go:140.100,144.2 1 0
github.com/fivetime/kubezoo-gateway/pkg/rest/strategy.go:147.95,149.2 1 0
github.com/fivetime/kubezoo-gateway/pkg/filters/apply.go:32.56,33.73 1 0
github.com/fivetime/kubezoo-gateway/pkg/filters/apply.go:33.73,34.79 1 0
github.com/fivetime/kubezoo-gateway/pkg/filters/apply.go:34.79,36.4 1 0
github.com/fivetime/kubezoo-gateway/pkg/filters/apply.go:37.3,37.28 1 0
github.com/fivetime/kubezoo-gateway/pkg/filters/discovery.go:39.97,40.71 1 1
github.com/fivetime/kubezoo-gateway/pkg/filters/discovery.go:40.71,43.57 3 1
github.com/fivetime/kubezoo-gateway/pkg/filters/discovery.go:43.57,46.4 2 0
github.com/fivetime/kubezoo-gateway/pkg/filters/discovery.go:48.3,50.69 3 1
github.com/fivetime/kubezoo-gateway/pkg/filters/discovery.go:50.69,52.4 1 1
github.com/fivetime/kubezoo-gateway/pkg/filters/discovery.go:53.3,53.44 1 1
github.com/fivetime/kubezoo-gateway/pkg/filters/discovery.go:53.44,56.18 2 1
github.com/fivetime/kubezoo-gateway/pkg/filters/discovery.go:56.18,59.5 2 0
github.com/fivetime/kubezoo-gateway/pkg/filters/discovery.go:60.4,61.10 2 1
github.com/fivetime/kubezoo-gateway/pkg/filters/discovery.go:62.9,62.51 1 1
github.com/fivetime/kubezoo-gateway/pkg/filters/discovery.go:62.51,65.18 2 1
github.com/fivetime/kubezoo-gateway/pkg/filters/discovery.go:65.18,68.5 2 0
github.com/fivetime/kubezoo-gateway/pkg/filters/discovery.go:69.4,70.10 2 1
github.com/fivetime/kubezoo-gateway/pkg/filters/discovery.go:71.9,71.51 1 1
github.com/fivetime/kubezoo-gateway/pkg/filters/discovery.go:71.51,74.18 2 1
github.com/fivetime/kubezoo-gateway/pkg/filters/discovery.go:74.18,77.5 2 0
github.com/fivetime/kubezoo-gateway/pkg/filters/discovery.go:78.4,79.10 2 1
github.com/fivetime/kubezoo-gateway/pkg/filters/discovery.go:80.9,80.54 1 0
github.com/fivetime/kubezoo-gateway/pkg/filters/discovery.go:80.54,83.18 2 0
github.com/fivetime/kubezoo-gateway/pkg/filters/discovery.go:83.18,86.5 2 0
github.com/fivetime/kubezoo-gateway/pkg/filters/discovery.go:87.4,88.10 2 0
github.com/fivetime/kubezoo-gateway/pkg/filters/discovery.go:89.9,89.67 1 0
github.com/fivetime/kubezoo-gateway/pkg/filters/discovery.go:89.67,90.49 1 0
github.com/fivetime/kubezoo-gateway/pkg/filters/discovery.go:90.49,92.19 2 0
github.com/fivetime/kubezoo-gateway/pkg/filters/discovery.go:92.19,95.6 2 0
github.com/fivetime/kubezoo-gateway/pkg/filters/discovery.go:96.5,98.19 3 0
github.com/fivetime/kubezoo-gateway/pkg/filters/discovery.go:98.19,101.6 2 0
github.com/fivetime/kubezoo-gateway/pkg/filters/discovery.go:102.5,103.19 2 0
github.com/fivetime/kubezoo-gateway/pkg/filters/discovery.go:103.19,106.6 2 0
github.com/fivetime/kubezoo-gateway/pkg/filters/discovery.go:107.5,107.57 1 0
github.com/fivetime/kubezoo-gateway/pkg/filters/discovery.go:107.57,110.6 2 0
github.com/fivetime/kubezoo-gateway/pkg/filters/discovery.go:112.5,113.19 2 0
github.com/fivetime/kubezoo-gateway/pkg/filters/discovery.go:113.19,116.6 2 0
github.com/fivetime/kubezoo-gateway/pkg/filters/discovery.go:117.5,117.45 1 0
github.com/fivetime/kubezoo-gateway/pkg/filters/discovery.go:117.45,119.6 1 0
github.com/fivetime/kubezoo-gateway/pkg/filters/discovery.go:120.5,120.11 1 0
github.com/fivetime/kubezoo-gateway/pkg/filters/discovery.go:123.4,124.18 2 0
github.com/fivetime/kubezoo-gateway/pkg/filters/discovery.go:124.18,127.5 2 0
github.com/fivetime/kubezoo-gateway/pkg/filters/discovery.go:128.4,129.18 2 0
github.com/fivetime/kubezoo-gateway/pkg/filters/discovery.go:129.18,132.5 2 0
github.com/fivetime/kubezoo-gateway/pkg/filters/discovery.go:133.4,134.18 2 0
github.com/fivetime/kubezoo-gateway/pkg/filters/discovery.go:134.18,137.5 2 0
github.com/fivetime/kubezoo-gateway/pkg/filters/discovery.go:138.4,138.47 1 0
github.com/fivetime/kubezoo-gateway/pkg/filters/discovery.go:138.47,140.5 1 0
github.com/fivetime/kubezoo-gateway/pkg/filters/discovery.go:141.4,141.10 1 0
github.com/fivetime/kubezoo-gateway/pkg/filters/discovery.go:147.63,148.16 1 0
github.com/fivetime/kubezoo-gateway/pkg/filters/discovery.go:148.16,150.3 1 0
github.com/fivetime/kubezoo-gateway/pkg/filters/discovery.go:151.2,154.40 4 0
github.com/fivetime/kubezoo-gateway/pkg/filters/discovery.go:154.40,156.3 1 0
github.com/fivetime/kubezoo-gateway/pkg/filters/discovery.go:157.2,158.48 2 0
github.com/fivetime/kubezoo-gateway/pkg/filters/discovery.go:158.48,160.3 1 0
github.com/fivetime/kubezoo-gateway/pkg/filters/discovery.go:165.57,167.16 2 1
github.com/fivetime/kubezoo-gateway/pkg/filters/discovery.go:167.16,170.3 2 0
github.com/fivetime/kubezoo-gateway/pkg/filters/discovery.go:171.2,171.39 1 1
github.com/fivetime/kubezoo-gateway/pkg/filters/discovery.go:171.39,173.3 1 0
github.com/fivetime/kubezoo-gateway/pkg/filters/discovery.go:177.64,178.94 1 1
github.com/fivetime/kubezoo-gateway/pkg/filters/discovery.go:178.94,180.3 1 0
github.com/fivetime/kubezoo-gateway/pkg/filters/discovery.go:182.2,182.50 1 1
github.com/fivetime/kubezoo-gateway/pkg/filters/discovery.go:182.50,184.3 1 1
github.com/fivetime/kubezoo-gateway/pkg/filters/discovery.go:188.2,188.94 1 1
github.com/fivetime/kubezoo-gateway/pkg/filters/discovery.go:188.94,190.3 1 1
github.com/fivetime/kubezoo-gateway/pkg/filters/discovery.go:191.2,191.26 1 0
github.com/fivetime/kubezoo-gateway/pkg/filters/discovery.go:192.57,193.14 1 0
github.com/fivetime/kubezoo-gateway/pkg/filters/discovery.go:195.2,195.14 1 0
github.com/fivetime/kubezoo-gateway/pkg/filters/openapiv2.go:50.67,52.55 2 1
github.com/fivetime/kubezoo-gateway/pkg/filters/openapiv2.go:52.55,54.3 1 0
github.com/fivetime/kubezoo-gateway/pkg/filters/openapiv2.go:55.2,59.16 4 1
github.com/fivetime/kubezoo-gateway/pkg/filters/openapiv2.go:59.16,61.3 1 0
github.com/fivetime/kubezoo-gateway/pkg/filters/openapiv2.go:62.2,62.76 1 1
github.com/fivetime/kubezoo-gateway/pkg/filters/openapiv2.go:67.91,69.9 2 1
github.com/fivetime/kubezoo-gateway/pkg/filters/openapiv2.go:69.9,71.3 1 0
github.com/fivetime/kubezoo-gateway/pkg/filters/openapiv2.go:72.2,72.27 1 1
github.com/fivetime/kubezoo-gateway/pkg/filters/openapiv2.go:72.27,73.52 1 1
github.com/fivetime/kubezoo-gateway/pkg/filters/openapiv2.go:73.52,75.4 1 1
github.com/fivetime/kubezoo-gateway/pkg/filters/openapiv2.go:81.63,82.56 1 1
github.com/fivetime/kubezoo-gateway/pkg/filters/openapiv2.go:82.56,84.30 2 1
github.com/fivetime/kubezoo-gateway/pkg/filters/openapiv2.go:84.30,86.4 1 1
github.com/fivetime/kubezoo-gateway/pkg/filters/openapiv2.go:88.2,88.13 1 1
github.com/fivetime/kubezoo-gateway/pkg/filters/openapiv2.go:100.52,101.82 1 1
github.com/fivetime/kubezoo-gateway/pkg/filters/openapiv2.go:101.82,103.3 1 1
github.com/fivetime/kubezoo-gateway/pkg/filters/openapiv2.go:104.2,105.43 2 1
github.com/fivetime/kubezoo-gateway/pkg/filters/openapiv2.go:105.43,107.3 1 0
github.com/fivetime/kubezoo-gateway/pkg/filters/openapiv2.go:108.2,108.20 1 1
github.com/fivetime/kubezoo-gateway/pkg/filters/openapiv2.go:118.77,119.16 1 0
github.com/fivetime/kubezoo-gateway/pkg/filters/openapiv2.go:119.16,121.3 1 0
github.com/fivetime/kubezoo-gateway/pkg/filters/openapiv2.go:122.2,122.22 1 0
github.com/fivetime/kubezoo-gateway/pkg/filters/openapiv2.go:122.22,124.39 2 0
github.com/fivetime/kubezoo-gateway/pkg/filters/openapiv2.go:124.39,125.52 1 0
github.com/fivetime/kubezoo-gateway/pkg/filters/openapiv2.go:125.52,127.5 1 0
github.com/fivetime/kubezoo-gateway/pkg/filters/openapiv2.go:129.3,129.24 1 0
github.com/fivetime/kubezoo-gateway/pkg/filters/openapiv2.go:131.2,131.28 1 0
github.com/fivetime/kubezoo-gateway/pkg/filters/openapiv2.go:131.28,133.67 2 0
github.com/fivetime/kubezoo-gateway/pkg/filters/openapiv2.go:133.67,134.58 1 0
github.com/fivetime/kubezoo-gateway/pkg/filters/openapiv2.go:134.58,136.5 1 0
github.com/fivetime/kubezoo-gateway/pkg/filters/openapiv2.go:138.3,138.46 1 0
github.com/fivetime/kubezoo-gateway/pkg/filters/openapiv3.go:50.67,51.9 1 1
github.com/fivetime/kubezoo-gateway/pkg/filters/openapiv3.go:52.31,54.14 2 1
github.com/fivetime/kubezoo-gateway/pkg/filters/openapiv3.go:55.52,58.14 2 1
github.com/fivetime/kubezoo-gateway/pkg/filters/openapiv3.go:60.2,60.14 1 1
github.com/fivetime/kubezoo-gateway/pkg/filters/openapiv3.go:66.56,68.33 2 1
github.com/fivetime/kubezoo-gateway/pkg/filters/openapiv3.go:68.33,71.3 2 0
github.com/fivetime/kubezoo-gateway/pkg/filters/openapiv3.go:73.2,74.16 2 1
github.com/fivetime/kubezoo-gateway/pkg/filters/openapiv3.go:74.16,82.3 3 1
github.com/fivetime/kubezoo-gateway/pkg/filters/openapiv3.go:84.2,85.16 2 1
github.com/fivetime/kubezoo-gateway/pkg/filters/openapiv3.go:85.16,88.3 2 0
github.com/fivetime/kubezoo-gateway/pkg/filters/openapiv3.go:89.2,90.43 2 1
github.com/fivetime/kubezoo-gateway/pkg/filters/openapiv3.go:90.43,92.3 1 0
github.com/fivetime/kubezoo-gateway/pkg/filters/openapiv3.go:98.74,100.9 2 1
github.com/fivetime/kubezoo-gateway/pkg/filters/openapiv3.go:100.9,103.3 2 1
github.com/fivetime/kubezoo-gateway/pkg/filters/openapiv3.go:105.2,108.16 3 1
github.com/fivetime/kubezoo-gateway/pkg/filters/openapiv3.go:108.16,111.3 2 0
github.com/fivetime/kubezoo-gateway/pkg/filters/openapiv3.go:113.2,114.74 2 1
github.com/fivetime/kubezoo-gateway/pkg/filters/openapiv3.go:114.74,116.3 1 0
github.com/fivetime/kubezoo-gateway/pkg/filters/openapiv3.go:122.68,124.43 2 1
github.com/fivetime/kubezoo-gateway/pkg/filters/openapiv3.go:124.43,126.3 1 1
github.com/fivetime/kubezoo-gateway/pkg/filters/openapiv3.go:127.2,127.37 1 1
github.com/fivetime/kubezoo-gateway/pkg/filters/openapiv3.go:127.37,129.3 1 1
github.com/fivetime/kubezoo-gateway/pkg/filters/openapiv3.go:130.2,130.23 1 1
github.com/fivetime/kubezoo-gateway/pkg/filters/openapiv3.go:138.81,140.55 2 1
github.com/fivetime/kubezoo-gateway/pkg/filters/openapiv3.go:140.55,142.3 1 0
github.com/fivetime/kubezoo-gateway/pkg/filters/openapiv3.go:143.2,143.65 1 1
github.com/fivetime/kubezoo-gateway/pkg/filters/openapiv3.go:143.65,145.3 1 0
github.com/fivetime/kubezoo-gateway/pkg/filters/openapiv3.go:147.2,148.21 2 1
github.com/fivetime/kubezoo-gateway/pkg/filters/openapiv3.go:148.21,151.3 2 0
github.com/fivetime/kubezoo-gateway/pkg/filters/openapiv3.go:152.2,154.40 2 1
github.com/fivetime/kubezoo-gateway/pkg/filters/openapiv3.go:154.40,155.39 1 1
github.com/fivetime/kubezoo-gateway/pkg/filters/openapiv3.go:155.39,156.12 1 1
github.com/fivetime/kubezoo-gateway/pkg/filters/openapiv3.go:158.3,159.17 2 1
github.com/fivetime/kubezoo-gateway/pkg/filters/openapiv3.go:159.17,161.4 1 0
github.com/fivetime/kubezoo-gateway/pkg/filters/openapiv3.go:162.3,163.91 2 1
github.com/fivetime/kubezoo-gateway/pkg/filters/openapiv3.go:163.91,165.4 1 0
github.com/fivetime/kubezoo-gateway/pkg/filters/openapiv3.go:166.3,166.65 1 1
github.com/fivetime/kubezoo-gateway/pkg/filters/openapiv3.go:168.2,168.31 1 1
github.com/fivetime/kubezoo-gateway/pkg/filters/openapiv3.go:174.50,175.50 1 1
github.com/fivetime/kubezoo-gateway/pkg/filters/openapiv3.go:175.50,176.47 1 1
github.com/fivetime/kubezoo-gateway/pkg/filters/openapiv3.go:176.47,178.4 1 1
github.com/fivetime/kubezoo-gateway/pkg/filters/openapiv3.go:180.2,180.14 1 1
github.com/fivetime/kubezoo-gateway/pkg/filters/openapiv3.go:189.65,191.2 1 1
github.com/fivetime/kubezoo-gateway/pkg/filters/recorder.go:41.46,47.2 1 1
github.com/fivetime/kubezoo-gateway/pkg/filters/recorder.go:49.49,49.68 1 0
github.com/fivetime/kubezoo-gateway/pkg/filters/recorder.go:51.57,51.83 1 1
github.com/fivetime/kubezoo-gateway/pkg/filters/recorder.go:53.52,53.73 1 0
github.com/fivetime/kubezoo-gateway/pkg/filters/recorder.go:57.58,58.37 1 1
github.com/fivetime/kubezoo-gateway/pkg/filters/recorder.go:58.37,59.32 1 0
github.com/fivetime/kubezoo-gateway/pkg/filters/recorder.go:59.32,61.4 1 0
github.com/fivetime/kubezoo-gateway/pkg/filters/recorder.go:63.2,64.51 2 1
github.com/fivetime/kubezoo-gateway/pkg/filters/recorder.go:64.51,66.3 1 0
github.com/fivetime/kubezoo-gateway/pkg/filters/recorder.go:69.78,73.2 3 1
github.com/fivetime/kubezoo-gateway/pkg/filters/suspension.go:47.97,48.73 1 0
github.com/fivetime/kubezoo-gateway/pkg/filters/suspension.go:48.73,50.24 2 0
github.com/fivetime/kubezoo-gateway/pkg/filters/suspension.go:50.24,53.4 2 0
github.com/fivetime/kubezoo-gateway/pkg/filters/suspension.go:54.3,55.10 2 0
github.com/fivetime/kubezoo-gateway/pkg/filters/suspension.go:55.10,58.4 2 0
github.com/fivetime/kubezoo-gateway/pkg/filters/suspension.go:59.3,59.59 1 0
github.com/fivetime/kubezoo-gateway/pkg/filters/suspension.go:59.59,62.4 2 0
github.com/fivetime/kubezoo-gateway/pkg/filters/suspension.go:63.3,63.34 1 0
github.com/fivetime/kubezoo-gateway/pkg/filters/suspension.go:75.117,77.20 2 0
github.com/fivetime/kubezoo-gateway/pkg/filters/suspension.go:77.20,79.3 1 0
github.com/fivetime/kubezoo-gateway/pkg/filters/suspension.go:80.2,81.16 2 0
github.com/fivetime/kubezoo-gateway/pkg/filters/suspension.go:81.16,82.33 1 0
github.com/fivetime/kubezoo-gateway/pkg/filters/suspension.go:82.33,85.4 1 0
github.com/fivetime/kubezoo-gateway/pkg/filters/suspension.go:86.3,86.23 1 0
github.com/fivetime/kubezoo-gateway/pkg/filters/suspension.go:88.2,88.41 1 0
github.com/fivetime/kubezoo-gateway/pkg/filters/suspension.go:92.110,97.36 1 1
github.com/fivetime/kubezoo-gateway/pkg/filters/suspension.go:97.36,99.3 1 1
github.com/fivetime/kubezoo-gateway/pkg/filters/suspension.go:101.2,101.47 1 1
github.com/fivetime/kubezoo-gateway/pkg/filters/suspension.go:101.47,108.3 1 1
github.com/fivetime/kubezoo-gateway/pkg/filters/suspension.go:111.2,111.33 1 1
github.com/fivetime/kubezoo-gateway/pkg/filters/suspension.go:112.39,115.15 1 1
github.com/fivetime/kubezoo-gateway/pkg/filters/suspension.go:116.15,119.15 1 1
github.com/fivetime/kubezoo-gateway/pkg/filters/suspension.go:122.2,122.26 1 1
github.com/fivetime/kubezoo-gateway/pkg/filters/suspension.go:123.30,124.14 1 1
github.com/fivetime/kubezoo-gateway/pkg/filters/suspension.go:125.16,129.56 1 1
github.com/fivetime/kubezoo-gateway/pkg/filters/suspension.go:130.10,131.15 1 1
github.com/fivetime/kubezoo-gateway/pkg/filters/suspension.go:135.98,137.25 2 0
github.com/fivetime/kubezoo-gateway/pkg/filters/suspension.go:138.41,140.74 1 0
github.com/fivetime/kubezoo-gateway/pkg/filters/suspension.go:141.39,143.50 1 0
github.com/fivetime/kubezoo-gateway/pkg/filters/suspension.go:144.10,146.20 1 0
github.com/fivetime/kubezoo-gateway/pkg/filters/suspension.go:148.2,148.29 1 0
github.com/fivetime/kubezoo-gateway/pkg/filters/suspension.go:148.29,150.3 1 0
github.com/fivetime/kubezoo-gateway/pkg/filters/suspension.go:151.2,161.16 4 0
github.com/fivetime/kubezoo-gateway/pkg/filters/suspension.go:161.16,164.3 2 0
github.com/fivetime/kubezoo-gateway/pkg/filters/suspension.go:165.2,167.41 3 0
github.com/fivetime/kubezoo-gateway/pkg/filters/suspension.go:167.41,169.3 1 0
github.com/fivetime/kubezoo-gateway/pkg/filters/tenant.go:30.56,31.73 1 1
github.com/fivetime/kubezoo-gateway/pkg/filters/tenant.go:31.73,33.10 2 1
github.com/fivetime/kubezoo-gateway/pkg/filters/tenant.go:33.10,37.4 3 0
github.com/fivetime/kubezoo-gateway/pkg/filters/tenant.go:39.3,40.17 2 1
github.com/fivetime/kubezoo-gateway/pkg/filters/tenant.go:40.17,44.4 2 0
github.com/fivetime/kubezoo-gateway/pkg/filters/tenant.go:45.3,46.17 2 1
github.com/fivetime/kubezoo-gateway/pkg/filters/tenant.go:46.17,50.4 3 0
github.com/fivetime/kubezoo-gateway/pkg/filters/tenant.go:52.3,53.28 2 1
github.com/fivetime/kubezoo-gateway/pkg/proxy/apply.go:61.90,64.12 2 1
github.com/fivetime/kubezoo-gateway/pkg/proxy/apply.go:64.12,66.3 1 1
github.com/fivetime/kubezoo-gateway/pkg/proxy/apply.go:67.2,67.29 1 0
github.com/fivetime/kubezoo-gateway/pkg/proxy/apply.go:67.29,71.3 1 0
github.com/fivetime/kubezoo-gateway/pkg/proxy/apply.go:73.2,74.71 2 0
github.com/fivetime/kubezoo-gateway/pkg/proxy/apply.go:74.71,76.3 1 0
github.com/fivetime/kubezoo-gateway/pkg/proxy/apply.go:80.2,84.16 4 0
github.com/fivetime/kubezoo-gateway/pkg/proxy/apply.go:84.16,89.17 2 0
github.com/fivetime/kubezoo-gateway/pkg/proxy/apply.go:89.17,92.4 2 0
github.com/fivetime/kubezoo-gateway/pkg/proxy/apply.go:94.2,95.9 2 0
github.com/fivetime/kubezoo-gateway/pkg/proxy/apply.go:95.9,97.3 1 0
github.com/fivetime/kubezoo-gateway/pkg/proxy/apply.go:102.2,106.59 5 0
github.com/fivetime/kubezoo-gateway/pkg/proxy/apply.go:106.59,108.3 1 0
github.com/fivetime/kubezoo-gateway/pkg/proxy/apply.go:110.2,111.16 2 0
github.com/fivetime/kubezoo-gateway/pkg/proxy/apply.go:111.16,113.3 1 0
github.com/fivetime/kubezoo-gateway/pkg/proxy/apply.go:115.2,116.16 2 0
github.com/fivetime/kubezoo-gateway/pkg/proxy/apply.go:116.16,118.3 1 0
github.com/fivetime/kubezoo-gateway/pkg/proxy/apply.go:119.2,120.46 2 0
github.com/fivetime/kubezoo-gateway/pkg/proxy/apply.go:120.46,122.3 1 0
github.com/fivetime/kubezoo-gateway/pkg/proxy/apply.go:123.2,124.16 2 0
github.com/fivetime/kubezoo-gateway/pkg/proxy/apply.go:124.16,126.3 1 0
github.com/fivetime/kubezoo-gateway/pkg/proxy/apply.go:127.2,127.21 1 0
github.com/fivetime/kubezoo-gateway/pkg/proxy/apply.go:134.104,135.24 1 1
github.com/fivetime/kubezoo-gateway/pkg/proxy/apply.go:135.24,137.3 1 1
github.com/fivetime/kubezoo-gateway/pkg/proxy/apply.go:138.2,138.47 1 0
github.com/fivetime/kubezoo-gateway/pkg/proxy/apply.go:138.47,142.26 1 0
github.com/fivetime/kubezoo-gateway/pkg/proxy/apply.go:142.26,144.4 1 0
github.com/fivetime/kubezoo-gateway/pkg/proxy/apply.go:146.2,146.43 1 0
github.com/fivetime/kubezoo-gateway/pkg/proxy/connecterproxy.go:51.48,53.2 1 0
github.com/fivetime/kubezoo-gateway/pkg/proxy/connecterproxy.go:56.131,58.73 1 0
github.com/fivetime/kubezoo-gateway/pkg/proxy/connecterproxy.go:58.73,60.10 2 0
github.com/fivetime/kubezoo-gateway/pkg/proxy/connecterproxy.go:60.10,63.4 2 0
github.com/fivetime/kubezoo-gateway/pkg/proxy/connecterproxy.go:67.3,68.38 1 0
github.com/fivetime/kubezoo-gateway/pkg/proxy/connecterproxy.go:68.38,72.4 2 0
github.com/fivetime/kubezoo-gateway/pkg/proxy/connecterproxy.go:74.3,74.21 1 0
github.com/fivetime/kubezoo-gateway/pkg/proxy/connecterproxy.go:79.77,82.9 2 0
github.com/fivetime/kubezoo-gateway/pkg/proxy/connecterproxy.go:82.9,85.3 2 0
github.com/fivetime/kubezoo-gateway/pkg/proxy/connecterproxy.go:87.2,88.9 2 0
github.com/fivetime/kubezoo-gateway/pkg/proxy/connecterproxy.go:88.9,91.3 2 0
github.com/fivetime/kubezoo-gateway/pkg/proxy/connecterproxy.go:92.2,97.26 4 0
github.com/fivetime/kubezoo-gateway/pkg/proxy/connecterproxy.go:97.26,98.41 1 0
github.com/fivetime/kubezoo-gateway/pkg/proxy/connecterproxy.go:98.41,101.9 3 0
github.com/fivetime/kubezoo-gateway/pkg/proxy/connecterproxy.go:104.2,104.27 1 0
github.com/fivetime/kubezoo-gateway/pkg/proxy/connecterproxy.go:104.27,108.3 2 0
github.com/fivetime/kubezoo-gateway/pkg/proxy/connecterproxy.go:109.2,119.23 5 0
github.com/fivetime/kubezoo-gateway/pkg/proxy/connecterproxy.go:119.23,121.3 1 0
github.com/fivetime/kubezoo-gateway/pkg/proxy/connecterproxy.go:122.2,146.33 5 0
github.com/fivetime/kubezoo-gateway/pkg/proxy/connecterproxy.go:160.57,164.2 3 0
github.com/fivetime/kubezoo-gateway/pkg/proxy/connecterproxy.go:167.64,168.20 1 0
github.com/fivetime/kubezoo-gateway/pkg/proxy/connecterproxy.go:168.20,170.3 1 0
github.com/fivetime/kubezoo-gateway/pkg/proxy/connecterproxy.go:171.2,173.15 3 0
github.com/fivetime/kubezoo-gateway/pkg/proxy/connecterproxy.go:179.64,181.2 1 0
github.com/fivetime/kubezoo-gateway/pkg/proxy/connecterproxy.go:184.48,186.2 1 0
github.com/fivetime/kubezoo-gateway/pkg/proxy/connecterproxy.go:189.55,191.2 1 0
github.com/fivetime/kubezoo-gateway/pkg/proxy/connecterproxy.go:199.78,201.2 1 0
github.com/fivetime/kubezoo-gateway/pkg/proxy/connecterproxy.go:203.78,205.2 1 0
github.com/fivetime/kubezoo-gateway/pkg/proxy/connecterproxy.go:207.53,209.2 1 0
github.com/fivetime/kubezoo-gateway/pkg/proxy/connecterproxy.go:213.38,213.39 0 0
github.com/fivetime/kubezoo-gateway/pkg/proxy/connecterproxy.go:215.100,220.2 1 0
github.com/fivetime/kubezoo-gateway/pkg/proxy/crbprojection.go:93.92,98.40 5 0
github.com/fivetime/kubezoo-gateway/pkg/proxy/crbprojection.go:98.40,98.70 1 0
github.com/fivetime/kubezoo-gateway/pkg/proxy/crbprojection.go:99.2,99.44 1 0
github.com/fivetime/kubezoo-gateway/pkg/proxy/crbprojection.go:99.44,99.78 1 0
github.com/fivetime/kubezoo-gateway/pkg/proxy/crbprojection.go:100.2,103.16 3 0
github.com/fivetime/kubezoo-gateway/pkg/proxy/crbprojection.go:103.16,105.3 1 0
github.com/fivetime/kubezoo-gateway/pkg/proxy/crbprojection.go:106.2,107.9 2 0
github.com/fivetime/kubezoo-gateway/pkg/proxy/crbprojection.go:107.9,109.3 1 0
github.com/fivetime/kubezoo-gateway/pkg/proxy/crbprojection.go:112.2,115.27 3 0
github.com/fivetime/kubezoo-gateway/pkg/proxy/crbprojection.go:115.27,117.3 1 0
github.com/fivetime/kubezoo-gateway/pkg/proxy/crbprojection.go:118.2,124.8 1 0
github.com/fivetime/kubezoo-gateway/pkg/proxy/crbprojection.go:127.65,127.87 1 0
github.com/fivetime/kubezoo-gateway/pkg/proxy/crbprojection.go:128.65,128.91 1 0
github.com/fivetime/kubezoo-gateway/pkg/proxy/crbprojection.go:129.66,129.67 0 0
github.com/fivetime/kubezoo-gateway/pkg/proxy/crbprojection.go:130.65,130.81 1 0
github.com/fivetime/kubezoo-gateway/pkg/proxy/crbprojection.go:131.65,131.96 1 0
github.com/fivetime/kubezoo-gateway/pkg/proxy/crbprojection.go:132.65,132.79 1 0
github.com/fivetime/kubezoo-gateway/pkg/proxy/crbprojection.go:134.115,136.2 1 0
github.com/fivetime/kubezoo-gateway/pkg/proxy/crbprojection.go:139.54,141.2 1 0
github.com/fivetime/kubezoo-gateway/pkg/proxy/crbprojection.go:145.73,147.9 2 0
github.com/fivetime/kubezoo-gateway/pkg/proxy/crbprojection.go:147.9,149.3 1 0
github.com/fivetime/kubezoo-gateway/pkg/proxy/crbprojection.go:150.2,153.86 4 0
github.com/fivetime/kubezoo-gateway/pkg/proxy/crbprojection.go:162.62,163.16 1 0
github.com/fivetime/kubezoo-gateway/pkg/proxy/crbprojection.go:163.16,165.3 1 0
github.com/fivetime/kubezoo-gateway/pkg/proxy/crbprojection.go:166.2,167.9 2 0
github.com/fivetime/kubezoo-gateway/pkg/proxy/crbprojection.go:167.9,169.3 1 0
github.com/fivetime/kubezoo-gateway/pkg/proxy/crbprojection.go:170.2,176.29 6 0
github.com/fivetime/kubezoo-gateway/pkg/proxy/crbprojection.go:176.29,181.3 4 0
github.com/fivetime/kubezoo-gateway/pkg/proxy/crbprojection.go:182.2,182.52 1 0
github.com/fivetime/kubezoo-gateway/pkg/proxy/crbprojection.go:188.54,191.16 2 0
github.com/fivetime/kubezoo-gateway/pkg/proxy/crbprojection.go:191.16,193.3 1 0
github.com/fivetime/kubezoo-gateway/pkg/proxy/crbprojection.go:194.2,194.34 1 0
github.com/fivetime/kubezoo-gateway/pkg/proxy/crbprojection.go:200.68,204.16 3 0
github.com/fivetime/kubezoo-gateway/pkg/proxy/crbprojection.go:204.16,206.3 1 0
github.com/fivetime/kubezoo-gateway/pkg/proxy/crbprojection.go:207.2,208.9 2 0
github.com/fivetime/kubezoo-gateway/pkg/proxy/crbprojection.go:208.9,210.3 1 0
github.com/fivetime/kubezoo-gateway/pkg/proxy/crbprojection.go:211.2,212.28 2 0
github.com/fivetime/kubezoo-gateway/pkg/proxy/crbprojection.go:212.28,214.17 2 0
github.com/fivetime/kubezoo-gateway/pkg/proxy/crbprojection.go:214.17,216.4 1 0
github.com/fivetime/kubezoo-gateway/pkg/proxy/crbprojection.go:217.3,217.71 1 0
github.com/fivetime/kubezoo-gateway/pkg/proxy/crbprojection.go:219.2,219.17 1 0
github.com/fivetime/kubezoo-gateway/pkg/proxy/crbprojection.go:226.69,229.16 2 0
github.com/fivetime/kubezoo-gateway/pkg/proxy/crbprojection.go:229.16,231.3 1 0
github.com/fivetime/kubezoo-gateway/pkg/proxy/crbprojection.go:232.2,232.39 1 0
github.com/fivetime/kubezoo-gateway/pkg/proxy/crbprojection.go:245.99,248.16 2 0
github.com/fivetime/kubezoo-gateway/pkg/proxy/crbprojection.go:248.16,250.3 1 0
github.com/fivetime/kubezoo-gateway/pkg/proxy/crbprojection.go:251.2,252.16 2 0
github.com/fivetime/kubezoo-gateway/pkg/proxy/crbprojection.go:252.16,254.3 1 0
github.com/fivetime/kubezoo-gateway/pkg/proxy/crbprojection.go:255.2,256.38 2 0
github.com/fivetime/kubezoo-gateway/pkg/proxy/crbprojection.go:261.86,266.16 3 0
github.com/fivetime/kubezoo-gateway/pkg/proxy/crbprojection.go:266.16,268.3 1 0
github.com/fivetime/kubezoo-gateway/pkg/proxy/crbprojection.go:269.2,271.26 3 0
github.com/fivetime/kubezoo-gateway/pkg/proxy/crbprojection.go:278.105,282.16 3 0
github.com/fivetime/kubezoo-gateway/pkg/proxy/crbprojection.go:282.16,284.3 1 0
github.com/fivetime/kubezoo-gateway/pkg/proxy/crbprojection.go:285.2,286.59 2 0
github.com/fivetime/kubezoo-gateway/pkg/proxy/crbprojection.go:286.59,292.3 1 0
github.com/fivetime/kubezoo-gateway/pkg/proxy/crbprojection.go:293.2,294.28 2 0
github.com/fivetime/kubezoo-gateway/pkg/proxy/crbprojection.go:299.72,302.16 2 0
github.com/fivetime/kubezoo-gateway/pkg/proxy/crbprojection.go:302.16,304.3 1 0
github.com/fivetime/kubezoo-gateway/pkg/proxy/crbprojection.go:305.2,306.28 2 0
github.com/fivetime/kubezoo-gateway/pkg/proxy/crbprojection.go:306.28,307.92 1 0
github.com/fivetime/kubezoo-gateway/pkg/proxy/crbprojection.go:307.92,309.4 1 0
github.com/fivetime/kubezoo-gateway/pkg/proxy/crbprojection.go:311.2,311.18 1 0
github.com/fivetime/kubezoo-gateway/pkg/proxy/crbprojection.go:315.88,317.9 2 0
github.com/fivetime/kubezoo-gateway/pkg/proxy/crbprojection.go:317.9,319.3 1 0
github.com/fivetime/kubezoo-gateway/pkg/proxy/crbprojection.go:320.2,321.16 2 0
github.com/fivetime/kubezoo-gateway/pkg/proxy/crbprojection.go:321.16,325.3 2 0
github.com/fivetime/kubezoo-gateway/pkg/proxy/crbprojection.go:326.2,329.16 4 0
github.com/fivetime/kubezoo-gateway/pkg/proxy/crbprojection.go:329.16,333.3 2 0
github.com/fivetime/kubezoo-gateway/pkg/proxy/crbprojection.go:334.2,334.39 1 0
github.com/fivetime/kubezoo-gateway/pkg/proxy/crbprojection.go:334.39,335.34 1 0
github.com/fivetime/kubezoo-gateway/pkg/proxy/crbprojection.go:335.34,336.12 1 0
github.com/fivetime/kubezoo-gateway/pkg/proxy/crbprojection.go:338.3,344.100 7 0
github.com/fivetime/kubezoo-gateway/pkg/proxy/crbprojection.go:344.100,345.12 1 0
github.com/fivetime/kubezoo-gateway/pkg/proxy/crbprojection.go:349.3,350.20 2 0
github.com/fivetime/kubezoo-gateway/pkg/proxy/crbprojection.go:350.20,353.12 2 0
github.com/fivetime/kubezoo-gateway/pkg/proxy/crbprojection.go:355.3,356.103 2 0
github.com/fivetime/kubezoo-gateway/pkg/proxy/crbprojection.go:356.103,359.4 1 0
github.com/fivetime/kubezoo-gateway/pkg/proxy/crbprojection.go:364.90,366.9 2 0
github.com/fivetime/kubezoo-gateway/pkg/proxy/crbprojection.go:366.9,368.3 1 0
github.com/fivetime/kubezoo-gateway/pkg/proxy/crbprojection.go:369.2,370.16 2 0
github.com/fivetime/kubezoo-gateway/pkg/proxy/crbprojection.go:370.16,374.3 2 0
github.com/fivetime/kubezoo-gateway/pkg/proxy/crbprojection.go:375.2,376.39 2 0
github.com/fivetime/kubezoo-gateway/pkg/proxy/crbprojection.go:376.39,377.107 1 0
github.com/fivetime/kubezoo-gateway/pkg/proxy/crbprojection.go:377.107,380.4 1 0
github.com/fivetime/kubezoo-gateway/pkg/proxy/crbprojection.go:391.103,393.20 2 0
github.com/fivetime/kubezoo-gateway/pkg/proxy/crbprojection.go:393.20,395.3 1 0
github.com/fivetime/kubezoo-gateway/pkg/proxy/crbprojection.go:396.2,397.66 2 0
github.com/fivetime/kubezoo-gateway/pkg/proxy/crbprojection.go:397.66,398.82 1 0
github.com/fivetime/kubezoo-gateway/pkg/proxy/crbprojection.go:398.82,400.4 1 0
github.com/fivetime/kubezoo-gateway/pkg/proxy/crbprojection.go:402.2,403.16 2 0
github.com/fivetime/kubezoo-gateway/pkg/proxy/crbprojection.go:407.64,409.9 2 0
github.com/fivetime/kubezoo-gateway/pkg/proxy/crbprojection.go:409.9,411.3 1 0
github.com/fivetime/kubezoo-gateway/pkg/proxy/crbprojection.go:412.2,420.26 5 0
github.com/fivetime/kubezoo-gateway/pkg/proxy/crbprojection.go:420.26,422.3 1 0
github.com/fivetime/kubezoo-gateway/pkg/proxy/crbprojection.go:423.2,424.20 2 0
github.com/fivetime/kubezoo-gateway/pkg/proxy/crbprojection.go:428.71,430.9 2 0
github.com/fivetime/kubezoo-gateway/pkg/proxy/crbprojection.go:430.9,432.3 1 0
github.com/fivetime/kubezoo-gateway/pkg/proxy/crbprojection.go:433.2,441.26 5 0
github.com/fivetime/kubezoo-gateway/pkg/proxy/crbprojection.go:441.26,443.3 1 0
github.com/fivetime/kubezoo-gateway/pkg/proxy/crbprojection.go:444.2,444.17 1 0
github.com/fivetime/kubezoo-gateway/pkg/proxy/crbprojection.go:453.72,455.2 1 0
github.com/fivetime/kubezoo-gateway/pkg/proxy/crbprojection.go:457.116,459.16 2 0
github.com/fivetime/kubezoo-gateway/pkg/proxy/crbprojection.go:459.16,461.3 1 0
github.com/fivetime/kubezoo-gateway/pkg/proxy/crbprojection.go:462.2,463.16 2 0
github.com/fivetime/kubezoo-gateway/pkg/proxy/crbprojection.go:463.16,465.3 1 0
github.com/fivetime/kubezoo-gateway/pkg/proxy/crbprojection.go:466.2,466.31 1 0
github.com/fivetime/kubezoo-gateway/pkg/proxy/crbprojection.go:475.64,479.2 3 0
github.com/fivetime/kubezoo-gateway/pkg/proxy/crbprojection.go:481.33,483.42 2 0
github.com/fivetime/kubezoo-gateway/pkg/proxy/crbprojection.go:483.42,484.57 1 0
github.com/fivetime/kubezoo-gateway/pkg/proxy/crbprojection.go:484.57,486.18 2 0
github.com/fivetime/kubezoo-gateway/pkg/proxy/crbprojection.go:486.18,487.13 1 0
github.com/fivetime/kubezoo-gateway/pkg/proxy/crbprojection.go:489.4,489.28 1 0
github.com/fivetime/kubezoo-gateway/pkg/proxy/crbprojection.go:491.3,491.20 1 0
github.com/fivetime/kubezoo-gateway/pkg/proxy/crbprojection.go:495.59,495.78 1 0
github.com/fivetime/kubezoo-gateway/pkg/proxy/crbprojection.go:496.59,496.77 1 0
github.com/fivetime/kubezoo-gateway/pkg/proxy/discovery.go:72.101,73.28 1 1
github.com/fivetime/kubezoo-gateway/pkg/proxy/discovery.go:73.28,75.3 1 1
github.com/fivetime/kubezoo-gateway/pkg/proxy/discovery.go:76.2,76.22 1 1
github.com/fivetime/kubezoo-gateway/pkg/proxy/discovery.go:76.22,78.3 1 1
github.com/fivetime/kubezoo-gateway/pkg/proxy/discovery.go:79.2,79.28 1 1
github.com/fivetime/kubezoo-gateway/pkg/proxy/discovery.go:79.28,81.3 1 1
github.com/fivetime/kubezoo-gateway/pkg/proxy/discovery.go:82.2,82.113 1 1
github.com/fivetime/kubezoo-gateway/pkg/proxy/discovery.go:87.87,89.16 2 1
github.com/fivetime/kubezoo-gateway/pkg/proxy/discovery.go:89.16,91.3 1 0
github.com/fivetime/kubezoo-gateway/pkg/proxy/discovery.go:92.2,94.16 3 1
github.com/fivetime/kubezoo-gateway/pkg/proxy/discovery.go:94.16,96.3 1 0
github.com/fivetime/kubezoo-gateway/pkg/proxy/discovery.go:97.2,97.75 1 1
github.com/fivetime/kubezoo-gateway/pkg/proxy/discovery.go:102.70,103.25 1 1
github.com/fivetime/kubezoo-gateway/pkg/proxy/discovery.go:103.25,105.3 1 0
github.com/fivetime/kubezoo-gateway/pkg/proxy/discovery.go:112.2,117.37 2 1
github.com/fivetime/kubezoo-gateway/pkg/proxy/discovery.go:117.37,120.22 2 1
github.com/fivetime/kubezoo-gateway/pkg/proxy/discovery.go:120.22,121.12 1 1
github.com/fivetime/kubezoo-gateway/pkg/proxy/discovery.go:127.3,127.30 1 1
github.com/fivetime/kubezoo-gateway/pkg/proxy/discovery.go:127.30,129.12 2 1
github.com/fivetime/kubezoo-gateway/pkg/proxy/discovery.go:132.3,132.30 1 1
github.com/fivetime/kubezoo-gateway/pkg/proxy/discovery.go:132.30,135.12 3 1
github.com/fivetime/kubezoo-gateway/pkg/proxy/discovery.go:138.2,138.17 1 1
github.com/fivetime/kubezoo-gateway/pkg/proxy/discovery.go:142.100,144.16 2 1
github.com/fivetime/kubezoo-gateway/pkg/proxy/discovery.go:144.16,146.3 1 0
github.com/fivetime/kubezoo-gateway/pkg/proxy/discovery.go:147.2,149.47 3 1
github.com/fivetime/kubezoo-gateway/pkg/proxy/discovery.go:149.47,151.3 1 1
github.com/fivetime/kubezoo-gateway/pkg/proxy/discovery.go:153.2,154.115 2 1
github.com/fivetime/kubezoo-gateway/pkg/proxy/discovery.go:154.115,156.3 1 0
github.com/fivetime/kubezoo-gateway/pkg/proxy/discovery.go:157.2,158.15 2 1
github.com/fivetime/kubezoo-gateway/pkg/proxy/discovery.go:162.124,164.16 2 1
github.com/fivetime/kubezoo-gateway/pkg/proxy/discovery.go:164.16,166.3 1 0
github.com/fivetime/kubezoo-gateway/pkg/proxy/discovery.go:167.2,169.63 3 1
github.com/fivetime/kubezoo-gateway/pkg/proxy/discovery.go:169.63,171.3 1 1
github.com/fivetime/kubezoo-gateway/pkg/proxy/discovery.go:172.2,173.16 2 1
github.com/fivetime/kubezoo-gateway/pkg/proxy/discovery.go:173.16,175.3 1 0
github.com/fivetime/kubezoo-gateway/pkg/proxy/discovery.go:176.2,177.26 2 1
github.com/fivetime/kubezoo-gateway/pkg/proxy/discovery.go:181.66,183.2 1 0
github.com/fivetime/kubezoo-gateway/pkg/proxy/discovery.go:185.73,187.2 1 0
github.com/fivetime/kubezoo-gateway/pkg/proxy/discovery.go:189.84,191.34 2 0
github.com/fivetime/kubezoo-gateway/pkg/proxy/discovery.go:191.34,192.32 1 0
github.com/fivetime/kubezoo-gateway/pkg/proxy/discovery.go:192.32,194.4 1 0
github.com/fivetime/kubezoo-gateway/pkg/proxy/discovery.go:196.2,196.41 1 0
github.com/fivetime/kubezoo-gateway/pkg/proxy/discovery.go:199.63,201.16 2 0
github.com/fivetime/kubezoo-gateway/pkg/proxy/discovery.go:201.16,203.3 1 0
github.com/fivetime/kubezoo-gateway/pkg/proxy/discovery.go:204.2,205.50 2 0
github.com/fivetime/kubezoo-gateway/pkg/proxy/discovery.go:205.50,207.3 1 0
github.com/fivetime/kubezoo-gateway/pkg/proxy/discovery.go:208.2,208.18 1 0
github.com/fivetime/kubezoo-gateway/pkg/proxy/fanout.go:68.61,71.16 3 1
github.com/fivetime/kubezoo-gateway/pkg/proxy/fanout.go:71.16,73.3 1 0
github.com/fivetime/kubezoo-gateway/pkg/proxy/fanout.go:74.2,74.55 1 1
github.com/fivetime/kubezoo-gateway/pkg/proxy/fanout.go:82.65,85.16 3 1
github.com/fivetime/kubezoo-gateway/pkg/proxy/fanout.go:85.16,87.3 1 1
github.com/fivetime/kubezoo-gateway/pkg/proxy/fanout.go:88.2,88.89 1 1
github.com/fivetime/kubezoo-gateway/pkg/proxy/fanout.go:88.89,90.3 1 1
github.com/fivetime/kubezoo-gateway/pkg/proxy/fanout.go:91.2,91.53 1 1
github.com/fivetime/kubezoo-gateway/pkg/proxy/fanout.go:91.53,93.3 1 1
github.com/fivetime/kubezoo-gateway/pkg/proxy/fanout.go:94.2,94.15 1 1
github.com/fivetime/kubezoo-gateway/pkg/proxy/fanout.go:114.74,116.9 2 0
github.com/fivetime/kubezoo-gateway/pkg/proxy/fanout.go:116.9,118.3 1 0
github.com/fivetime/kubezoo-gateway/pkg/proxy/fanout.go:119.2,120.44 2 0
github.com/fivetime/kubezoo-gateway/pkg/proxy/fanout.go:120.44,122.3 1 0
github.com/fivetime/kubezoo-gateway/pkg/proxy/fanout.go:123.2,127.4 2 0
github.com/fivetime/kubezoo-gateway/pkg/proxy/fanout.go:138.117,143.22 3 0
github.com/fivetime/kubezoo-gateway/pkg/proxy/fanout.go:143.22,146.3 2 0
github.com/fivetime/kubezoo-gateway/pkg/proxy/fanout.go:147.2,148.16 2 0
github.com/fivetime/kubezoo-gateway/pkg/proxy/fanout.go:148.16,150.3 1 0
github.com/fivetime/kubezoo-gateway/pkg/proxy/fanout.go:151.2,151.43 1 0
github.com/fivetime/kubezoo-gateway/pkg/proxy/fanout.go:151.43,156.3 1 0
github.com/fivetime/kubezoo-gateway/pkg/proxy/fanout.go:157.2,158.28 2 0
github.com/fivetime/kubezoo-gateway/pkg/proxy/fanout.go:158.28,160.3 1 0
github.com/fivetime/kubezoo-gateway/pkg/proxy/fanout.go:161.2,162.46 2 0
github.com/fivetime/kubezoo-gateway/pkg/proxy/fanout.go:181.59,184.28 2 0
github.com/fivetime/kubezoo-gateway/pkg/proxy/fanout.go:184.28,186.71 2 0
github.com/fivetime/kubezoo-gateway/pkg/proxy/fanout.go:186.71,188.4 1 0
github.com/fivetime/kubezoo-gateway/pkg/proxy/fanout.go:191.2,192.16 2 0
github.com/fivetime/kubezoo-gateway/pkg/proxy/fanout.go:192.16,194.3 1 0
github.com/fivetime/kubezoo-gateway/pkg/proxy/fanout.go:195.2,195.34 1 0
github.com/fivetime/kubezoo-gateway/pkg/proxy/fanout.go:195.34,197.3 1 0
github.com/fivetime/kubezoo-gateway/pkg/proxy/fanout.go:198.2,198.45 1 0
github.com/fivetime/kubezoo-gateway/pkg/proxy/fanout.go:198.45,200.3 1 0
github.com/fivetime/kubezoo-gateway/pkg/proxy/fanout.go:202.2,203.25 2 0
github.com/fivetime/kubezoo-gateway/pkg/proxy/fanout.go:203.25,205.3 1 0
github.com/fivetime/kubezoo-gateway/pkg/proxy/fanout.go:206.2,212.71 5 0
github.com/fivetime/kubezoo-gateway/pkg/proxy/fanout.go:212.71,215.18 3 0
github.com/fivetime/kubezoo-gateway/pkg/proxy/fanout.go:215.18,219.4 2 0
github.com/fivetime/kubezoo-gateway/pkg/proxy/fanout.go:219.9,227.4 2 0
github.com/fivetime/kubezoo-gateway/pkg/proxy/fanout.go:228.3,228.24 1 0
github.com/fivetime/kubezoo-gateway/pkg/proxy/fanout.go:228.24,230.4 1 0
github.com/fivetime/kubezoo-gateway/pkg/proxy/fanout.go:232.3,233.17 2 0
github.com/fivetime/kubezoo-gateway/pkg/proxy/fanout.go:233.17,237.4 1 0
github.com/fivetime/kubezoo-gateway/pkg/proxy/fanout.go:238.3,238.29 1 0
github.com/fivetime/kubezoo-gateway/pkg/proxy/fanout.go:238.29,240.4 1 0
github.com/fivetime/kubezoo-gateway/pkg/proxy/fanout.go:241.3,244.25 3 0
github.com/fivetime/kubezoo-gateway/pkg/proxy/fanout.go:244.25,245.12 1 0
github.com/fivetime/kubezoo-gateway/pkg/proxy/fanout.go:247.3,248.20 2 0
github.com/fivetime/kubezoo-gateway/pkg/proxy/fanout.go:248.20,252.12 2 0
github.com/fivetime/kubezoo-gateway/pkg/proxy/fanout.go:256.3,257.18 2 0
github.com/fivetime/kubezoo-gateway/pkg/proxy/fanout.go:257.18,259.4 1 0
github.com/fivetime/kubezoo-gateway/pkg/proxy/fanout.go:260.3,260.60 1 0
github.com/fivetime/kubezoo-gateway/pkg/proxy/fanout.go:260.60,261.9 1 0
github.com/fivetime/kubezoo-gateway/pkg/proxy/fanout.go:263.3,264.17 2 0
github.com/fivetime/kubezoo-gateway/pkg/proxy/fanout.go:264.17,266.4 1 0
github.com/fivetime/kubezoo-gateway/pkg/proxy/fanout.go:267.3,269.23 3 0
github.com/fivetime/kubezoo-gateway/pkg/proxy/fanout.go:272.2,274.22 3 0
github.com/fivetime/kubezoo-gateway/pkg/proxy/init.go:28.13,31.2 2 1
github.com/fivetime/kubezoo-gateway/pkg/proxy/proxy.go:98.58,100.2 1 0
github.com/fivetime/kubezoo-gateway/pkg/proxy/proxy.go:102.125,104.2 1 1
github.com/fivetime/kubezoo-gateway/pkg/proxy/proxy.go:106.145,107.30 1 0
github.com/fivetime/kubezoo-gateway/pkg/proxy/proxy.go:107.30,109.3 1 0
github.com/fivetime/kubezoo-gateway/pkg/proxy/proxy.go:110.2,110.68 1 0
github.com/fivetime/kubezoo-gateway/pkg/proxy/proxy.go:113.47,115.2 1 0
github.com/fivetime/kubezoo-gateway/pkg/proxy/proxy.go:117.46,119.2 1 0
github.com/fivetime/kubezoo-gateway/pkg/proxy/proxy.go:128.49,130.2 1 0
github.com/fivetime/kubezoo-gateway/pkg/proxy/proxy.go:133.75,134.24 1 1
github.com/fivetime/kubezoo-gateway/pkg/proxy/proxy.go:134.24,136.3 1 0
github.com/fivetime/kubezoo-gateway/pkg/proxy/proxy.go:137.2,137.129 1 1
github.com/fivetime/kubezoo-gateway/pkg/proxy/proxy.go:137.129,139.3 1 0
github.com/fivetime/kubezoo-gateway/pkg/proxy/proxy.go:141.2,142.52 1 1
github.com/fivetime/kubezoo-gateway/pkg/proxy/proxy.go:142.52,144.3 1 0
github.com/fivetime/kubezoo-gateway/pkg/proxy/proxy.go:146.2,146.56 1 1
github.com/fivetime/kubezoo-gateway/pkg/proxy/proxy.go:146.56,148.3 1 1
github.com/fivetime/kubezoo-gateway/pkg/proxy/proxy.go:149.2,149.59 1 1
github.com/fivetime/kubezoo-gateway/pkg/proxy/proxy.go:149.59,151.3 1 0
github.com/fivetime/kubezoo-gateway/pkg/proxy/proxy.go:153.2,154.34 2 1
github.com/fivetime/kubezoo-gateway/pkg/proxy/proxy.go:154.34,156.3 1 0
github.com/fivetime/kubezoo-gateway/pkg/proxy/proxy.go:158.2,175.31 2 1
github.com/fivetime/kubezoo-gateway/pkg/proxy/proxy.go:175.31,177.3 1 1
github.com/fivetime/kubezoo-gateway/pkg/proxy/proxy.go:178.2,178.44 1 1
github.com/fivetime/kubezoo-gateway/pkg/proxy/proxy.go:182.68,184.2 1 0
github.com/fivetime/kubezoo-gateway/pkg/proxy/proxy.go:186.99,187.36 1 1
github.com/fivetime/kubezoo-gateway/pkg/proxy/proxy.go:187.36,189.3 1 1
github.com/fivetime/kubezoo-gateway/pkg/proxy/proxy.go:190.2,190.46 1 0
github.com/fivetime/kubezoo-gateway/pkg/proxy/proxy.go:194.90,196.9 2 1
github.com/fivetime/kubezoo-gateway/pkg/proxy/proxy.go:196.9,198.3 1 0
github.com/fivetime/kubezoo-gateway/pkg/proxy/proxy.go:199.2,200.9 2 1
github.com/fivetime/kubezoo-gateway/pkg/proxy/proxy.go:200.9,202.3 1 0
github.com/fivetime/kubezoo-gateway/pkg/proxy/proxy.go:203.2,205.25 3 1
github.com/fivetime/kubezoo-gateway/pkg/proxy/proxy.go:205.25,207.3 1 0
github.com/fivetime/kubezoo-gateway/pkg/proxy/proxy.go:208.2,209.59 2 1
github.com/fivetime/kubezoo-gateway/pkg/proxy/proxy.go:209.59,212.3 2 1
github.com/fivetime/kubezoo-gateway/pkg/proxy/proxy.go:213.2,213.20 1 1
github.com/fivetime/kubezoo-gateway/pkg/proxy/proxy.go:238.90,239.56 1 0
github.com/fivetime/kubezoo-gateway/pkg/proxy/proxy.go:239.56,241.3 1 0
github.com/fivetime/kubezoo-gateway/pkg/proxy/proxy.go:242.2,243.40 2 0
github.com/fivetime/kubezoo-gateway/pkg/proxy/proxy.go:243.40,245.3 1 0
github.com/fivetime/kubezoo-gateway/pkg/proxy/proxy.go:246.2,248.34 3 0
github.com/fivetime/kubezoo-gateway/pkg/proxy/proxy.go:248.34,250.3 1 0
github.com/fivetime/kubezoo-gateway/pkg/proxy/proxy.go:251.2,254.22 1 0
github.com/fivetime/kubezoo-gateway/pkg/proxy/proxy.go:259.35,259.36 0 0
github.com/fivetime/kubezoo-gateway/pkg/proxy/proxy.go:262.113,263.54 1 1
github.com/fivetime/kubezoo-gateway/pkg/proxy/proxy.go:263.54,266.3 2 0
github.com/fivetime/kubezoo-gateway/pkg/proxy/proxy.go:268.2,270.16 3 1
github.com/fivetime/kubezoo-gateway/pkg/proxy/proxy.go:270.16,272.3 1 0
github.com/fivetime/kubezoo-gateway/pkg/proxy/proxy.go:273.2,273.100 1 1
github.com/fivetime/kubezoo-gateway/pkg/proxy/proxy.go:273.100,275.3 1 0
github.com/fivetime/kubezoo-gateway/pkg/proxy/proxy.go:276.2,276.79 1 1
github.com/fivetime/kubezoo-gateway/pkg/proxy/proxy.go:276.79,278.3 1 0
github.com/fivetime/kubezoo-gateway/pkg/proxy/proxy.go:279.2,279.12 1 1
github.com/fivetime/kubezoo-gateway/pkg/proxy/proxy.go:283.125,284.58 1 1
github.com/fivetime/kubezoo-gateway/pkg/proxy/proxy.go:284.58,287.3 2 0
github.com/fivetime/kubezoo-gateway/pkg/proxy/proxy.go:289.2,290.16 2 1
github.com/fivetime/kubezoo-gateway/pkg/proxy/proxy.go:290.16,292.3 1 0
github.com/fivetime/kubezoo-gateway/pkg/proxy/proxy.go:294.2,295.16 2 1
github.com/fivetime/kubezoo-gateway/pkg/proxy/proxy.go:295.16,297.3 1 0
github.com/fivetime/kubezoo-gateway/pkg/proxy/proxy.go:299.2,299.52 1 1
github.com/fivetime/kubezoo-gateway/pkg/proxy/proxy.go:299.52,301.3 1 0
github.com/fivetime/kubezoo-gateway/pkg/proxy/proxy.go:302.2,302.77 1 1
github.com/fivetime/kubezoo-gateway/pkg/proxy/proxy.go:302.77,304.3 1 0
github.com/fivetime/kubezoo-gateway/pkg/proxy/proxy.go:305.2,305.12 1 1
github.com/fivetime/kubezoo-gateway/pkg/proxy/proxy.go:311.114,312.64 1 1
github.com/fivetime/kubezoo-gateway/pkg/proxy/proxy.go:312.64,316.3 1 0
github.com/fivetime/kubezoo-gateway/pkg/proxy/proxy.go:317.2,317.23 1 1
github.com/fivetime/kubezoo-gateway/pkg/proxy/proxy.go:317.23,319.3 1 0
github.com/fivetime/kubezoo-gateway/pkg/proxy/proxy.go:320.2,321.9 2 1
github.com/fivetime/kubezoo-gateway/pkg/proxy/proxy.go:321.9,323.3 1 0
github.com/fivetime/kubezoo-gateway/pkg/proxy/proxy.go:325.2,326.16 2 1
github.com/fivetime/kubezoo-gateway/pkg/proxy/proxy.go:326.16,328.3 1 0
github.com/fivetime/kubezoo-gateway/pkg/proxy/proxy.go:329.2,330.25 2 1
github.com/fivetime/kubezoo-gateway/pkg/proxy/proxy.go:330.25,332.3 1 0
github.com/fivetime/kubezoo-gateway/pkg/proxy/proxy.go:333.2,333.54 1 1
github.com/fivetime/kubezoo-gateway/pkg/proxy/proxy.go:333.54,335.3 1 0
github.com/fivetime/kubezoo-gateway/pkg/proxy/proxy.go:335.8,337.3 1 1
github.com/fivetime/kubezoo-gateway/pkg/proxy/proxy.go:338.2,338.16 1 1
github.com/fivetime/kubezoo-gateway/pkg/proxy/proxy.go:338.16,340.3 1 0
github.com/fivetime/kubezoo-gateway/pkg/proxy/proxy.go:343.2,344.68 2 1
github.com/fivetime/kubezoo-gateway/pkg/proxy/proxy.go:344.68,346.3 1 0
github.com/fivetime/kubezoo-gateway/pkg/proxy/proxy.go:347.2,347.81 1 1
github.com/fivetime/kubezoo-gateway/pkg/proxy/proxy.go:347.81,349.3 1 0
github.com/fivetime/kubezoo-gateway/pkg/proxy/proxy.go:351.2,351.20 1 1
github.com/fivetime/kubezoo-gateway/pkg/proxy/proxy.go:355.45,356.23 1 1
github.com/fivetime/kubezoo-gateway/pkg/proxy/proxy.go:356.23,358.3 1 0
github.com/fivetime/kubezoo-gateway/pkg/proxy/proxy.go:359.2,359.21 1 1
github.com/fivetime/kubezoo-gateway/pkg/proxy/proxy.go:363.49,365.2 1 1
github.com/fivetime/kubezoo-gateway/pkg/proxy/proxy.go:372.86,373.23 1 1
github.com/fivetime/kubezoo-gateway/pkg/proxy/proxy.go:373.23,375.3 1 0
github.com/fivetime/kubezoo-gateway/pkg/proxy/proxy.go:377.2,378.9 2 1
github.com/fivetime/kubezoo-gateway/pkg/proxy/proxy.go:378.9,380.3 1 0
github.com/fivetime/kubezoo-gateway/pkg/proxy/proxy.go:381.2,381.33 1 1
github.com/fivetime/kubezoo-gateway/pkg/proxy/proxy.go:381.33,383.3 1 0
github.com/fivetime/kubezoo-gateway/pkg/proxy/proxy.go:385.2,386.43 2 1
github.com/fivetime/kubezoo-gateway/pkg/proxy/proxy.go:386.43,388.3 1 0
github.com/fivetime/kubezoo-gateway/pkg/proxy/proxy.go:389.2,389.28 1 1
github.com/fivetime/kubezoo-gateway/pkg/proxy/proxy.go:389.28,390.24 1 0
github.com/fivetime/kubezoo-gateway/pkg/proxy/proxy.go:390.24,392.4 1 0
github.com/fivetime/kubezoo-gateway/pkg/proxy/proxy.go:396.3,396.22 1 0
github.com/fivetime/kubezoo-gateway/pkg/proxy/proxy.go:399.2,400.16 2 1
github.com/fivetime/kubezoo-gateway/pkg/proxy/proxy.go:400.16,402.3 1 0
github.com/fivetime/kubezoo-gateway/pkg/proxy/proxy.go:403.2,403.37 1 1
github.com/fivetime/kubezoo-gateway/pkg/proxy/proxy.go:408.133,410.9 2 1
github.com/fivetime/kubezoo-gateway/pkg/proxy/proxy.go:410.9,412.3 1 0
github.com/fivetime/kubezoo-gateway/pkg/proxy/proxy.go:415.2,415.78 1 1
github.com/fivetime/kubezoo-gateway/pkg/proxy/proxy.go:415.78,417.3 1 0
github.com/fivetime/kubezoo-gateway/pkg/proxy/proxy.go:420.2,421.16 2 1
github.com/fivetime/kubezoo-gateway/pkg/proxy/proxy.go:421.16,423.3 1 0
github.com/fivetime/kubezoo-gateway/pkg/proxy/proxy.go:426.2,431.16 3 1
github.com/fivetime/kubezoo-gateway/pkg/proxy/proxy.go:431.16,433.3 1 0
github.com/fivetime/kubezoo-gateway/pkg/proxy/proxy.go:434.2,434.71 1 1
github.com/fivetime/kubezoo-gateway/pkg/proxy/proxy.go:434.71,436.3 1 0
github.com/fivetime/kubezoo-gateway/pkg/proxy/proxy.go:437.2,437.62 1 1
github.com/fivetime/kubezoo-gateway/pkg/proxy/proxy.go:437.62,439.3 1 0
github.com/fivetime/kubezoo-gateway/pkg/proxy/proxy.go:444.2,444.44 1 1
github.com/fivetime/kubezoo-gateway/pkg/proxy/proxy.go:444.44,446.17 2 1
github.com/fivetime/kubezoo-gateway/pkg/proxy/proxy.go:446.17,448.4 1 0
github.com/fivetime/kubezoo-gateway/pkg/proxy/proxy.go:449.3,449.21 1 1
github.com/fivetime/kubezoo-gateway/pkg/proxy/proxy.go:449.21,451.4 1 0
github.com/fivetime/kubezoo-gateway/pkg/proxy/proxy.go:453.2,453.54 1 1
github.com/fivetime/kubezoo-gateway/pkg/proxy/proxy.go:453.54,455.3 1 1
github.com/fivetime/kubezoo-gateway/pkg/proxy/proxy.go:455.8,455.36 1 0
github.com/fivetime/kubezoo-gateway/pkg/proxy/proxy.go:455.36,457.3 1 0
github.com/fivetime/kubezoo-gateway/pkg/proxy/proxy.go:457.8,459.3 1 0
github.com/fivetime/kubezoo-gateway/pkg/proxy/proxy.go:460.2,460.16 1 1
github.com/fivetime/kubezoo-gateway/pkg/proxy/proxy.go:460.16,462.3 1 0
github.com/fivetime/kubezoo-gateway/pkg/proxy/proxy.go:465.2,466.68 2 1
github.com/fivetime/kubezoo-gateway/pkg/proxy/proxy.go:466.68,468.3 1 0
github.com/fivetime/kubezoo-gateway/pkg/proxy/proxy.go:471.2,471.81 1 1
github.com/fivetime/kubezoo-gateway/pkg/proxy/proxy.go:471.81,473.3 1 0
github.com/fivetime/kubezoo-gateway/pkg/proxy/proxy.go:475.2,475.29 1 1
github.com/fivetime/kubezoo-gateway/pkg/proxy/proxy.go:478.107,481.2 2 1
github.com/fivetime/kubezoo-gateway/pkg/proxy/proxy.go:483.122,484.53 1 1
github.com/fivetime/kubezoo-gateway/pkg/proxy/proxy.go:484.53,487.3 1 0
github.com/fivetime/kubezoo-gateway/pkg/proxy/proxy.go:488.2,489.16 2 1
github.com/fivetime/kubezoo-gateway/pkg/proxy/proxy.go:489.16,491.3 1 0
github.com/fivetime/kubezoo-gateway/pkg/proxy/proxy.go:492.2,493.16 2 1
github.com/fivetime/kubezoo-gateway/pkg/proxy/proxy.go:493.16,495.3 1 0
github.com/fivetime/kubezoo-gateway/pkg/proxy/proxy.go:496.2,496.56 1 1
github.com/fivetime/kubezoo-gateway/pkg/proxy/proxy.go:500.154,501.23 1 1
github.com/fivetime/kubezoo-gateway/pkg/proxy/proxy.go:501.23,503.3 1 0
github.com/fivetime/kubezoo-gateway/pkg/proxy/proxy.go:504.2,505.9 2 1
github.com/fivetime/kubezoo-gateway/pkg/proxy/proxy.go:505.9,507.3 1 0
github.com/fivetime/kubezoo-gateway/pkg/proxy/proxy.go:510.2,510.78 1 1
github.com/fivetime/kubezoo-gateway/pkg/proxy/proxy.go:510.78,512.3 1 0
github.com/fivetime/kubezoo-gateway/pkg/proxy/proxy.go:515.2,516.16 2 1
github.com/fivetime/kubezoo-gateway/pkg/proxy/proxy.go:516.16,518.3 1 0
github.com/fivetime/kubezoo-gateway/pkg/proxy/proxy.go:519.2,519.71 1 1
github.com/fivetime/kubezoo-gateway/pkg/proxy/proxy.go:519.71,521.3 1 0
github.com/fivetime/kubezoo-gateway/pkg/proxy/proxy.go:522.2,522.62 1 1
github.com/fivetime/kubezoo-gateway/pkg/proxy/proxy.go:522.62,524.3 1 0
github.com/fivetime/kubezoo-gateway/pkg/proxy/proxy.go:530.2,530.74 1 1
github.com/fivetime/kubezoo-gateway/pkg/proxy/proxy.go:530.74,534.22 2 0
github.com/fivetime/kubezoo-gateway/pkg/proxy/proxy.go:534.22,536.4 1 0
github.com/fivetime/kubezoo-gateway/pkg/proxy/proxy.go:537.3,537.21 1 0
github.com/fivetime/kubezoo-gateway/pkg/proxy/proxy.go:537.21,540.4 2 0
github.com/fivetime/kubezoo-gateway/pkg/proxy/proxy.go:544.2,546.16 3 1
github.com/fivetime/kubezoo-gateway/pkg/proxy/proxy.go:546.16,548.3 1 0
github.com/fivetime/kubezoo-gateway/pkg/proxy/proxy.go:549.2,549.54 1 1
github.com/fivetime/kubezoo-gateway/pkg/proxy/proxy.go:549.54,551.3 1 1
github.com/fivetime/kubezoo-gateway/pkg/proxy/proxy.go:551.8,557.10 2 1
github.com/fivetime/kubezoo-gateway/pkg/proxy/proxy.go:557.10,559.4 1 0
github.com/fivetime/kubezoo-gateway/pkg/proxy/proxy.go:564.3,565.26 2 1
github.com/fivetime/kubezoo-gateway/pkg/proxy/proxy.go:565.26,567.4 1 1
github.com/fivetime/kubezoo-gateway/pkg/proxy/proxy.go:568.3,568.77 1 1
github.com/fivetime/kubezoo-gateway/pkg/proxy/proxy.go:570.2,570.16 1 1
github.com/fivetime/kubezoo-gateway/pkg/proxy/proxy.go:570.16,572.3 1 0
github.com/fivetime/kubezoo-gateway/pkg/proxy/proxy.go:575.2,576.68 2 1
github.com/fivetime/kubezoo-gateway/pkg/proxy/proxy.go:576.68,578.3 1 0
github.com/fivetime/kubezoo-gateway/pkg/proxy/proxy.go:581.2,581.81 1 1
github.com/fivetime/kubezoo-gateway/pkg/proxy/proxy.go:581.81,583.3 1 0
github.com/fivetime/kubezoo-gateway/pkg/proxy/proxy.go:585.2,585.20 1 1
github.com/fivetime/kubezoo-gateway/pkg/proxy/proxy.go:590.153,591.23 1 1
github.com/fivetime/kubezoo-gateway/pkg/proxy/proxy.go:591.23,593.3 1 0
github.com/fivetime/kubezoo-gateway/pkg/proxy/proxy.go:594.2,595.9 2 1
github.com/fivetime/kubezoo-gateway/pkg/proxy/proxy.go:595.9,597.3 1 0
github.com/fivetime/kubezoo-gateway/pkg/proxy/proxy.go:599.2,599.25 1 1
github.com/fivetime/kubezoo-gateway/pkg/proxy/proxy.go:599.25,601.3 1 0
github.com/fivetime/kubezoo-gateway/pkg/proxy/proxy.go:602.2,602.53 1 1
github.com/fivetime/kubezoo-gateway/pkg/proxy/proxy.go:602.53,604.3 1 0
github.com/fivetime/kubezoo-gateway/pkg/proxy/proxy.go:605.2,605.62 1 1
github.com/fivetime/kubezoo-gateway/pkg/proxy/proxy.go:605.62,607.3 1 0
github.com/fivetime/kubezoo-gateway/pkg/proxy/proxy.go:608.2,614.16 3 1
github.com/fivetime/kubezoo-gateway/pkg/proxy/proxy.go:614.16,616.3 1 0
github.com/fivetime/kubezoo-gateway/pkg/proxy/proxy.go:617.2,617.54 1 1
github.com/fivetime/kubezoo-gateway/pkg/proxy/proxy.go:617.54,619.3 1 1
github.com/fivetime/kubezoo-gateway/pkg/proxy/proxy.go:619.8,621.3 1 0
github.com/fivetime/kubezoo-gateway/pkg/proxy/proxy.go:622.2,622.16 1 1
github.com/fivetime/kubezoo-gateway/pkg/proxy/proxy.go:622.16,624.3 1 0
github.com/fivetime/kubezoo-gateway/pkg/proxy/proxy.go:626.2,626.76 1 1
github.com/fivetime/kubezoo-gateway/pkg/proxy/proxy.go:626.76,629.99 2 0
github.com/fivetime/kubezoo-gateway/pkg/proxy/proxy.go:629.99,631.4 1 0
github.com/fivetime/kubezoo-gateway/pkg/proxy/proxy.go:632.3,633.28 2 0
github.com/fivetime/kubezoo-gateway/pkg/proxy/proxy.go:636.2,637.68 2 1
github.com/fivetime/kubezoo-gateway/pkg/proxy/proxy.go:637.68,639.3 1 0
github.com/fivetime/kubezoo-gateway/pkg/proxy/proxy.go:641.2,641.81 1 1
github.com/fivetime/kubezoo-gateway/pkg/proxy/proxy.go:641.81,643.3 1 0
github.com/fivetime/kubezoo-gateway/pkg/proxy/proxy.go:645.2,645.29 1 1
github.com/fivetime/kubezoo-gateway/pkg/proxy/proxy.go:650.116,651.27 1 1
github.com/fivetime/kubezoo-gateway/pkg/proxy/proxy.go:651.27,653.3 1 0
github.com/fivetime/kubezoo-gateway/pkg/proxy/proxy.go:654.2,655.9 2 1
github.com/fivetime/kubezoo-gateway/pkg/proxy/proxy.go:655.9,657.3 1 0
github.com/fivetime/kubezoo-gateway/pkg/proxy/proxy.go:659.2,660.16 2 1
github.com/fivetime/kubezoo-gateway/pkg/proxy/proxy.go:660.16,662.3 1 0
github.com/fivetime/kubezoo-gateway/pkg/proxy/proxy.go:663.2,664.26 2 1
github.com/fivetime/kubezoo-gateway/pkg/proxy/proxy.go:664.26,669.17 2 0
github.com/fivetime/kubezoo-gateway/pkg/proxy/proxy.go:669.17,671.4 1 0
github.com/fivetime/kubezoo-gateway/pkg/proxy/proxy.go:672.8,674.17 2 1
github.com/fivetime/kubezoo-gateway/pkg/proxy/proxy.go:674.17,676.4 1 0
github.com/fivetime/kubezoo-gateway/pkg/proxy/proxy.go:677.3,678.17 2 1
github.com/fivetime/kubezoo-gateway/pkg/proxy/proxy.go:678.17,680.4 1 0
github.com/fivetime/kubezoo-gateway/pkg/proxy/proxy.go:681.3,681.79 1 1
github.com/fivetime/kubezoo-gateway/pkg/proxy/proxy.go:683.2,686.31 2 1
github.com/fivetime/kubezoo-gateway/pkg/proxy/proxy.go:686.31,689.83 2 1
github.com/fivetime/kubezoo-gateway/pkg/proxy/proxy.go:689.83,691.4 1 0
github.com/fivetime/kubezoo-gateway/pkg/proxy/proxy.go:693.3,693.82 1 1
github.com/fivetime/kubezoo-gateway/pkg/proxy/proxy.go:693.82,695.4 1 0
github.com/fivetime/kubezoo-gateway/pkg/proxy/proxy.go:697.3,698.17 2 1
github.com/fivetime/kubezoo-gateway/pkg/proxy/proxy.go:698.17,700.4 1 0
github.com/fivetime/kubezoo-gateway/pkg/proxy/proxy.go:701.3,701.26 1 1
github.com/fivetime/kubezoo-gateway/pkg/proxy/proxy.go:704.2,704.25 1 1
github.com/fivetime/kubezoo-gateway/pkg/proxy/proxy.go:704.25,706.3 1 0
github.com/fivetime/kubezoo-gateway/pkg/proxy/proxy.go:709.2,710.77 2 1
github.com/fivetime/kubezoo-gateway/pkg/proxy/proxy.go:710.77,712.3 1 0
github.com/fivetime/kubezoo-gateway/pkg/proxy/proxy.go:714.2,714.21 1 1
github.com/fivetime/kubezoo-gateway/pkg/proxy/proxy.go:721.50,723.2 1 1
github.com/fivetime/kubezoo-gateway/pkg/proxy/proxy.go:737.108,738.45 1 1
github.com/fivetime/kubezoo-gateway/pkg/proxy/proxy.go:738.45,740.3 1 1
github.com/fivetime/kubezoo-gateway/pkg/proxy/proxy.go:741.2,742.28 2 0
github.com/fivetime/kubezoo-gateway/pkg/proxy/proxy.go:742.28,743.57 1 0
github.com/fivetime/kubezoo-gateway/pkg/proxy/proxy.go:743.57,744.12 1 0
github.com/fivetime/kubezoo-gateway/pkg/proxy/proxy.go:746.3,746.37 1 0
github.com/fivetime/kubezoo-gateway/pkg/proxy/proxy.go:748.2,749.13 2 0
github.com/fivetime/kubezoo-gateway/pkg/proxy/proxy.go:760.63,761.66 1 1
github.com/fivetime/kubezoo-gateway/pkg/proxy/proxy.go:761.66,763.3 1 1
github.com/fivetime/kubezoo-gateway/pkg/proxy/proxy.go:764.2,767.67 1 0
github.com/fivetime/kubezoo-gateway/pkg/proxy/proxy.go:772.46,774.68 2 0
github.com/fivetime/kubezoo-gateway/pkg/proxy/proxy.go:774.68,776.3 1 0
github.com/fivetime/kubezoo-gateway/pkg/proxy/proxy.go:777.2,777.81 1 0
github.com/fivetime/kubezoo-gateway/pkg/proxy/proxy.go:777.81,779.3 1 0
github.com/fivetime/kubezoo-gateway/pkg/proxy/proxy.go:780.2,780.29 1 0
github.com/fivetime/kubezoo-gateway/pkg/proxy/proxy.go:796.80,797.72 1 1
github.com/fivetime/kubezoo-gateway/pkg/proxy/proxy.go:797.72,799.3 1 1
github.com/fivetime/kubezoo-gateway/pkg/proxy/proxy.go:800.2,800.59 1 0
github.com/fivetime/kubezoo-gateway/pkg/proxy/proxy.go:800.59,802.3 1 0
github.com/fivetime/kubezoo-gateway/pkg/proxy/proxy.go:803.2,807.27 1 0
github.com/fivetime/kubezoo-gateway/pkg/proxy/proxy.go:816.63,817.25 1 1
github.com/fivetime/kubezoo-gateway/pkg/proxy/proxy.go:817.25,819.3 1 0
github.com/fivetime/kubezoo-gateway/pkg/proxy/proxy.go:820.2,821.42 2 1
github.com/fivetime/kubezoo-gateway/pkg/proxy/proxy.go:826.190,827.27 1 1
github.com/fivetime/kubezoo-gateway/pkg/proxy/proxy.go:827.27,829.3 1 0
github.com/fivetime/kubezoo-gateway/pkg/proxy/proxy.go:830.2,831.9 2 1
github.com/fivetime/kubezoo-gateway/pkg/proxy/proxy.go:831.9,833.3 1 0
github.com/fivetime/kubezoo-gateway/pkg/proxy/proxy.go:835.2,836.16 2 1
github.com/fivetime/kubezoo-gateway/pkg/proxy/proxy.go:836.16,838.3 1 0
github.com/fivetime/kubezoo-gateway/pkg/proxy/proxy.go:839.2,840.16 2 1
github.com/fivetime/kubezoo-gateway/pkg/proxy/proxy.go:840.16,842.3 1 0
github.com/fivetime/kubezoo-gateway/pkg/proxy/proxy.go:843.2,844.16 2 1
github.com/fivetime/kubezoo-gateway/pkg/proxy/proxy.go:844.16,846.3 1 0
github.com/fivetime/kubezoo-gateway/pkg/proxy/proxy.go:847.2,848.31 2 1
github.com/fivetime/kubezoo-gateway/pkg/proxy/proxy.go:848.31,851.17 3 1
github.com/fivetime/kubezoo-gateway/pkg/proxy/proxy.go:851.17,853.4 1 0
github.com/fivetime/kubezoo-gateway/pkg/proxy/proxy.go:857.2,857.31 1 1
github.com/fivetime/kubezoo-gateway/pkg/proxy/proxy.go:857.31,860.83 2 1
github.com/fivetime/kubezoo-gateway/pkg/proxy/proxy.go:860.83,862.4 1 0
github.com/fivetime/kubezoo-gateway/pkg/proxy/proxy.go:864.3,864.82 1 1
github.com/fivetime/kubezoo-gateway/pkg/proxy/proxy.go:864.82,866.4 1 0
github.com/fivetime/kubezoo-gateway/pkg/proxy/proxy.go:868.3,869.17 2 1
github.com/fivetime/kubezoo-gateway/pkg/proxy/proxy.go:869.17,871.4 1 0
github.com/fivetime/kubezoo-gateway/pkg/proxy/proxy.go:872.3,872.26 1 1
github.com/fivetime/kubezoo-gateway/pkg/proxy/proxy.go:880.2,881.77 2 1
github.com/fivetime/kubezoo-gateway/pkg/proxy/proxy.go:881.77,883.3 1 0
github.com/fivetime/kubezoo-gateway/pkg/proxy/proxy.go:885.2,885.21 1 1
github.com/fivetime/kubezoo-gateway/pkg/proxy/proxy.go:889.118,890.27 1 0
github.com/fivetime/kubezoo-gateway/pkg/proxy/proxy.go:890.27,892.3 1 0
github.com/fivetime/kubezoo-gateway/pkg/proxy/proxy.go:893.2,894.9 2 0
github.com/fivetime/kubezoo-gateway/pkg/proxy/proxy.go:894.9,896.3 1 0
github.com/fivetime/kubezoo-gateway/pkg/proxy/proxy.go:898.2,899.16 2 0
github.com/fivetime/kubezoo-gateway/pkg/proxy/proxy.go:899.16,901.3 1 0
github.com/fivetime/kubezoo-gateway/pkg/proxy/proxy.go:902.2,903.26 2 0
github.com/fivetime/kubezoo-gateway/pkg/proxy/proxy.go:903.26,907.19 2 0
github.com/fivetime/kubezoo-gateway/pkg/proxy/proxy.go:907.19,909.4 1 0
github.com/fivetime/kubezoo-gateway/pkg/proxy/proxy.go:910.3,910.81 1 0
github.com/fivetime/kubezoo-gateway/pkg/proxy/proxy.go:910.81,912.4 1 0
github.com/fivetime/kubezoo-gateway/pkg/proxy/proxy.go:913.8,915.17 2 0
github.com/fivetime/kubezoo-gateway/pkg/proxy/proxy.go:915.17,917.4 1 0
github.com/fivetime/kubezoo-gateway/pkg/proxy/proxy.go:918.3,918.56 1 0
github.com/fivetime/kubezoo-gateway/pkg/proxy/proxy.go:918.56,920.4 1 0
github.com/fivetime/kubezoo-gateway/pkg/proxy/proxy.go:922.2,922.39 1 0
github.com/fivetime/kubezoo-gateway/pkg/proxy/proxy.go:926.103,929.52 1 1
github.com/fivetime/kubezoo-gateway/pkg/proxy/proxy.go:929.52,932.3 1 1
github.com/fivetime/kubezoo-gateway/pkg/proxy/proxy.go:933.2,933.92 1 1
github.com/fivetime/kubezoo-gateway/pkg/proxy/proxy.go:937.103,940.52 1 1
github.com/fivetime/kubezoo-gateway/pkg/proxy/proxy.go:940.52,943.3 1 1
github.com/fivetime/kubezoo-gateway/pkg/proxy/proxy.go:944.2,944.92 1 1
github.com/fivetime/kubezoo-gateway/pkg/proxy/proxy.go:962.33,963.6 1 0
github.com/fivetime/kubezoo-gateway/pkg/proxy/proxy.go:963.6,965.44 2 0
github.com/fivetime/kubezoo-gateway/pkg/proxy/proxy.go:965.44,967.4 1 0
github.com/fivetime/kubezoo-gateway/pkg/proxy/proxy.go:968.3,969.14 2 0
github.com/fivetime/kubezoo-gateway/pkg/proxy/proxy.go:969.14,970.25 1 0
github.com/fivetime/kubezoo-gateway/pkg/proxy/proxy.go:970.25,974.5 1 0
github.com/fivetime/kubezoo-gateway/pkg/proxy/proxy.go:977.4,977.23 1 0
github.com/fivetime/kubezoo-gateway/pkg/proxy/proxy.go:980.3,980.79 1 0
github.com/fivetime/kubezoo-gateway/pkg/proxy/proxy.go:980.79,982.4 1 0
github.com/fivetime/kubezoo-gateway/pkg/proxy/proxy.go:983.3,984.17 2 0
github.com/fivetime/kubezoo-gateway/pkg/proxy/proxy.go:984.17,986.4 1 0
github.com/fivetime/kubezoo-gateway/pkg/proxy/proxy.go:988.3,988.14 1 0
github.com/fivetime/kubezoo-gateway/pkg/proxy/proxy.go:988.14,996.35 2 0
github.com/fivetime/kubezoo-gateway/pkg/proxy/proxy.go:996.35,999.13 1 0
github.com/fivetime/kubezoo-gateway/pkg/proxy/proxy.go:1001.4,1001.18 1 0
github.com/fivetime/kubezoo-gateway/pkg/proxy/proxy.go:1001.18,1003.5 1 0
github.com/fivetime/kubezoo-gateway/pkg/proxy/proxy.go:1004.4,1004.29 1 0
github.com/fivetime/kubezoo-gateway/pkg/proxy/proxy.go:1007.3,1008.102 2 0
github.com/fivetime/kubezoo-gateway/pkg/proxy/proxy.go:1008.102,1010.12 1 0
github.com/fivetime/kubezoo-gateway/pkg/proxy/proxy.go:1012.3,1012.17 1 0
github.com/fivetime/kubezoo-gateway/pkg/proxy/proxy.go:1012.17,1014.4 1 0
github.com/fivetime/kubezoo-gateway/pkg/proxy/proxy.go:1015.3,1015.27 1 0
github.com/fivetime/kubezoo-gateway/pkg/proxy/proxy.go:1020.88,1021.26 1 0
github.com/fivetime/kubezoo-gateway/pkg/proxy/proxy.go:1021.26,1023.3 1 0
github.com/fivetime/kubezoo-gateway/pkg/proxy/proxy.go:1024.2,1025.16 2 0
github.com/fivetime/kubezoo-gateway/pkg/proxy/proxy.go:1025.16,1027.3 1 0
github.com/fivetime/kubezoo-gateway/pkg/proxy/proxy.go:1028.2,1028.72 1 0
github.com/fivetime/kubezoo-gateway/pkg/proxy/proxy.go:1028.72,1030.3 1 0
github.com/fivetime/kubezoo-gateway/pkg/proxy/proxy.go:1031.2,1031.108 1 0
github.com/fivetime/kubezoo-gateway/pkg/proxy/proxy.go:1031.108,1033.3 1 0
github.com/fivetime/kubezoo-gateway/pkg/proxy/proxy.go:1034.2,1034.12 1 0
github.com/fivetime/kubezoo-gateway/pkg/proxy/reststorage.go:40.192,42.60 2 0
github.com/fivetime/kubezoo-gateway/pkg/proxy/reststorage.go:42.60,44.3 1 0
github.com/fivetime/kubezoo-gateway/pkg/proxy/reststorage.go:45.2,45.58 1 0
github.com/fivetime/kubezoo-gateway/pkg/proxy/reststorage.go:45.58,47.3 1 0
github.com/fivetime/kubezoo-gateway/pkg/proxy/reststorage.go:48.2,49.66 2 0
github.com/fivetime/kubezoo-gateway/pkg/proxy/reststorage.go:49.66,52.43 3 0
github.com/fivetime/kubezoo-gateway/pkg/proxy/reststorage.go:52.43,60.116 1 0
github.com/fivetime/kubezoo-gateway/pkg/proxy/reststorage.go:60.116,62.13 2 0
github.com/fivetime/kubezoo-gateway/pkg/proxy/reststorage.go:66.4,66.78 1 0
github.com/fivetime/kubezoo-gateway/pkg/proxy/reststorage.go:66.78,68.5 1 0
github.com/fivetime/kubezoo-gateway/pkg/proxy/reststorage.go:70.4,71.18 2 0
github.com/fivetime/kubezoo-gateway/pkg/proxy/reststorage.go:71.18,73.5 1 0
github.com/fivetime/kubezoo-gateway/pkg/proxy/reststorage.go:74.4,74.26 1 0
github.com/fivetime/kubezoo-gateway/pkg/proxy/reststorage.go:76.3,76.24 1 0
github.com/fivetime/kubezoo-gateway/pkg/proxy/reststorage.go:76.24,78.12 2 0
github.com/fivetime/kubezoo-gateway/pkg/proxy/reststorage.go:80.3,80.63 1 0
github.com/fivetime/kubezoo-gateway/pkg/proxy/reststorage.go:82.2,82.26 1 0
github.com/fivetime/kubezoo-gateway/pkg/proxy/reststorage.go:85.97,86.19 1 0
github.com/fivetime/kubezoo-gateway/pkg/proxy/reststorage.go:86.19,88.3 1 0
github.com/fivetime/kubezoo-gateway/pkg/proxy/reststorage.go:89.2,89.125 1 0
github.com/fivetime/kubezoo-gateway/pkg/proxy/reststorage.go:89.125,91.3 1 0
github.com/fivetime/kubezoo-gateway/pkg/proxy/reststorage.go:96.34,98.37 2 0
github.com/fivetime/kubezoo-gateway/pkg/proxy/reststorage.go:98.37,100.17 2 0
github.com/fivetime/kubezoo-gateway/pkg/proxy/reststorage.go:100.17,102.4 1 0
github.com/fivetime/kubezoo-gateway/pkg/proxy/reststorage.go:103.3,103.28 1 0
github.com/fivetime/kubezoo-gateway/pkg/proxy/reststorage.go:105.2,105.21 1 0
github.com/fivetime/kubezoo-gateway/pkg/proxy/reststorage.go:109.49,111.2 1 0
github.com/fivetime/kubezoo-gateway/pkg/proxy/reststorage.go:114.113,116.41 2 0
github.com/fivetime/kubezoo-gateway/pkg/proxy/reststorage.go:116.41,118.3 1 0
github.com/fivetime/kubezoo-gateway/pkg/proxy/reststorage.go:119.2,119.23 1 0
github.com/fivetime/kubezoo-gateway/pkg/proxy/watch.go:36.31,36.32 0 0
github.com/fivetime/kubezoo-gateway/pkg/proxy/watch.go:39.55,41.2 1 0
github.com/fivetime/kubezoo-gateway/pkg/proxy/watch.go:54.103,65.2 3 1
github.com/fivetime/kubezoo-gateway/pkg/proxy/watch.go:69.30,77.6 6 1
github.com/fivetime/kubezoo-gateway/pkg/proxy/watch.go:77.6,78.10 1 1
github.com/fivetime/kubezoo-gateway/pkg/proxy/watch.go:79.21,80.10 1 0
github.com/fivetime/kubezoo-gateway/pkg/proxy/watch.go:82.26,83.11 1 1
github.com/fivetime/kubezoo-gateway/pkg/proxy/watch.go:83.11,86.5 1 0
github.com/fivetime/kubezoo-gateway/pkg/proxy/watch.go:88.4,88.22 1 1
github.com/fivetime/kubezoo-gateway/pkg/proxy/watch.go:89.52,91.92 2 1
github.com/fivetime/kubezoo-gateway/pkg/proxy/watch.go:91.92,92.14 1 0
github.com/fivetime/kubezoo-gateway/pkg/proxy/watch.go:94.5,95.90 1 1
github.com/fivetime/kubezoo-gateway/pkg/proxy/watch.go:95.90,98.14 1 0
github.com/fivetime/kubezoo-gateway/pkg/proxy/watch.go:101.5,103.82 3 1
github.com/fivetime/kubezoo-gateway/pkg/proxy/watch.go:103.82,108.6 4 0
github.com/fivetime/kubezoo-gateway/pkg/proxy/watch.go:110.5,110.97 1 1
github.com/fivetime/kubezoo-gateway/pkg/proxy/watch.go:110.97,115.6 4 0
github.com/fivetime/kubezoo-gateway/pkg/proxy/watch.go:117.5,118.18 2 1
github.com/fivetime/kubezoo-gateway/pkg/proxy/watch.go:120.24,121.18 1 0
github.com/fivetime/kubezoo-gateway/pkg/proxy/watch.go:123.21,126.12 3 0
github.com/fivetime/kubezoo-gateway/pkg/proxy/watch.go:126.12,129.6 2 0
github.com/fivetime/kubezoo-gateway/pkg/proxy/watch.go:130.5,133.11 4 0
github.com/fivetime/kubezoo-gateway/pkg/proxy/watch.go:135.12,139.11 4 0
github.com/fivetime/kubezoo-gateway/pkg/proxy/watch.go:146.51,151.2 1 0
github.com/fivetime/kubezoo-gateway/pkg/proxy/watch.go:154.46,157.9 1 1
github.com/fivetime/kubezoo-gateway/pkg/proxy/watch.go:158.29,158.29 0 1
github.com/fivetime/kubezoo-gateway/pkg/proxy/watch.go:159.20,159.20 0 0
github.com/fivetime/kubezoo-gateway/pkg/proxy/watch.go:164.29,166.2 1 0
github.com/fivetime/kubezoo-gateway/pkg/proxy/watch.go:169.54,171.2 1 1
github.com/fivetime/kubezoo-gateway/pkg/proxy/watchmux.go:67.70,70.25 2 0
github.com/fivetime/kubezoo-gateway/pkg/proxy/watchmux.go:70.25,72.3 1 0
github.com/fivetime/kubezoo-gateway/pkg/proxy/watchmux.go:74.2,83.39 2 0
github.com/fivetime/kubezoo-gateway/pkg/proxy/watchmux.go:83.39,84.72 1 0
github.com/fivetime/kubezoo-gateway/pkg/proxy/watchmux.go:84.72,90.4 2 0
github.com/fivetime/kubezoo-gateway/pkg/proxy/watchmux.go:93.2,93.52 1 0
github.com/fivetime/kubezoo-gateway/pkg/proxy/watchmux.go:93.52,96.3 2 0
github.com/fivetime/kubezoo-gateway/pkg/proxy/watchmux.go:98.2,98.12 1 0
github.com/fivetime/kubezoo-gateway/pkg/proxy/watchmux.go:98.12,101.3 2 0
github.com/fivetime/kubezoo-gateway/pkg/proxy/watchmux.go:102.2,102.15 1 0
github.com/fivetime/kubezoo-gateway/pkg/proxy/watchmux.go:106.86,109.49 3 0
github.com/fivetime/kubezoo-gateway/pkg/proxy/watchmux.go:109.49,111.3 1 0
github.com/fivetime/kubezoo-gateway/pkg/proxy/watchmux.go:113.2,121.16 6 0
github.com/fivetime/kubezoo-gateway/pkg/proxy/watchmux.go:121.16,123.3 1 0
github.com/fivetime/kubezoo-gateway/pkg/proxy/watchmux.go:124.2,128.12 4 0
github.com/fivetime/kubezoo-gateway/pkg/proxy/watchmux.go:132.47,135.6 3 0
github.com/fivetime/kubezoo-gateway/pkg/proxy/watchmux.go:135.6,136.10 1 0
github.com/fivetime/kubezoo-gateway/pkg/proxy/watchmux.go:137.17,138.10 1 0
github.com/fivetime/kubezoo-gateway/pkg/proxy/watchmux.go:139.40,140.13 1 0
github.com/fivetime/kubezoo-gateway/pkg/proxy/watchmux.go:140.13,146.5 1 0
github.com/fivetime/kubezoo-gateway/pkg/proxy/watchmux.go:147.4,147.11 1 0
github.com/fivetime/kubezoo-gateway/pkg/proxy/watchmux.go:148.27,148.27 0 0
github.com/fivetime/kubezoo-gateway/pkg/proxy/watchmux.go:149.18,150.11 1 0
github.com/fivetime/kubezoo-gateway/pkg/proxy/watchmux.go:158.81,169.16 4 0
github.com/fivetime/kubezoo-gateway/pkg/proxy/watchmux.go:169.16,171.3 1 0
github.com/fivetime/kubezoo-gateway/pkg/proxy/watchmux.go:173.2,174.12 2 0
github.com/fivetime/kubezoo-gateway/pkg/proxy/watchmux.go:174.12,177.7 3 0
github.com/fivetime/kubezoo-gateway/pkg/proxy/watchmux.go:177.7,178.11 1 0
github.com/fivetime/kubezoo-gateway/pkg/proxy/watchmux.go:179.18,180.11 1 0
github.com/fivetime/kubezoo-gateway/pkg/proxy/watchmux.go:181.41,182.14 1 0
github.com/fivetime/kubezoo-gateway/pkg/proxy/watchmux.go:182.14,184.6 1 0
github.com/fivetime/kubezoo-gateway/pkg/proxy/watchmux.go:185.5,185.34 1 0
github.com/fivetime/kubezoo-gateway/pkg/proxy/watchmux.go:185.34,186.14 1 0
github.com/fivetime/kubezoo-gateway/pkg/proxy/watchmux.go:188.5,189.12 2 0
github.com/fivetime/kubezoo-gateway/pkg/proxy/watchmux.go:189.12,190.14 1 0
github.com/fivetime/kubezoo-gateway/pkg/proxy/watchmux.go:195.5,197.14 3 0
github.com/fivetime/kubezoo-gateway/pkg/proxy/watchmux.go:197.14,199.6 1 0
github.com/fivetime/kubezoo-gateway/pkg/proxy/watchmux.go:207.5,207.48 1 0
github.com/fivetime/kubezoo-gateway/pkg/proxy/watchmux.go:211.2,211.12 1 0
github.com/fivetime/kubezoo-gateway/pkg/proxy/watchmux.go:221.81,225.50 4 0
github.com/fivetime/kubezoo-gateway/pkg/proxy/watchmux.go:225.50,226.63 1 0
github.com/fivetime/kubezoo-gateway/pkg/proxy/watchmux.go:226.63,228.4 1 0
github.com/fivetime/kubezoo-gateway/pkg/proxy/watchmux.go:229.3,229.34 1 0
github.com/fivetime/kubezoo-gateway/pkg/proxy/watchmux.go:229.34,230.9 1 0
github.com/fivetime/kubezoo-gateway/pkg/proxy/watchmux.go:232.3,232.10 1 0
github.com/fivetime/kubezoo-gateway/pkg/proxy/watchmux.go:233.17,234.10 1 0
github.com/fivetime/kubezoo-gateway/pkg/proxy/watchmux.go:235.30,235.30 0 0
github.com/fivetime/kubezoo-gateway/pkg/proxy/watchmux.go:238.2,240.30 1 0
github.com/fivetime/kubezoo-gateway/pkg/proxy/watchmux.go:244.52,246.2 1 0
github.com/fivetime/kubezoo-gateway/pkg/proxy/watchmux.go:249.27,250.23 1 0
github.com/fivetime/kubezoo-gateway/pkg/proxy/watchmux.go:250.23,254.31 4 0
github.com/fivetime/kubezoo-gateway/pkg/proxy/watchmux.go:254.31,256.4 1 0
github.com/fivetime/kubezoo-gateway/pkg/proxy/watchmux.go:260.54,262.2 1 0
github.com/fivetime/kubezoo-gateway/cmd/kubezoo/app/apiextensions.go:63.13,70.2 3 1
github.com/fivetime/kubezoo-gateway/cmd/kubezoo/app/apiextensions.go:79.34,81.4 1 0
github.com/fivetime/kubezoo-gateway/cmd/kubezoo/app/apiextensions.go:82.38,84.4 1 0
github.com/fivetime/kubezoo-gateway/cmd/kubezoo/app/apiextensions.go:94.34,96.4 1 0
github.com/fivetime/kubezoo-gateway/cmd/kubezoo/app/apiextensions.go:107.34,109.4 1 0
github.com/fivetime/kubezoo-gateway/cmd/kubezoo/app/apiextensions.go:110.38,112.4 1 0
github.com/fivetime/kubezoo-gateway/cmd/kubezoo/app/apiextensions.go:122.34,124.4 1 0
github.com/fivetime/kubezoo-gateway/cmd/kubezoo/app/apiextensions.go:135.43,162.60 8 0
github.com/fivetime/kubezoo-gateway/cmd/kubezoo/app/apiextensions.go:162.60,164.3 1 0
github.com/fivetime/kubezoo-gateway/cmd/kubezoo/app/apiextensions.go:167.2,170.46 1 0
github.com/fivetime/kubezoo-gateway/cmd/kubezoo/app/apiextensions.go:170.46,172.3 1 0
github.com/fivetime/kubezoo-gateway/cmd/kubezoo/app/apiextensions.go:174.2,190.33 3 0
github.com/fivetime/kubezoo-gateway/cmd/kubezoo/app/apiextensions.go:193.226,196.16 3 0
github.com/fivetime/kubezoo-gateway/cmd/kubezoo/app/apiextensions.go:196.16,198.3 1 0
github.com/fivetime/kubezoo-gateway/cmd/kubezoo/app/apiextensions.go:200.2,207.45 3 0
github.com/fivetime/kubezoo-gateway/cmd/kubezoo/app/apiextensions.go:207.45,209.3 1 0
github.com/fivetime/kubezoo-gateway/cmd/kubezoo/app/apiextensions.go:210.2,211.16 2 0
github.com/fivetime/kubezoo-gateway/cmd/kubezoo/app/apiextensions.go:211.16,213.3 1 0
github.com/fivetime/kubezoo-gateway/cmd/kubezoo/app/apiextensions.go:214.2,216.40 2 0
github.com/fivetime/kubezoo-gateway/cmd/kubezoo/app/apiextensions.go:216.40,218.3 1 0
github.com/fivetime/kubezoo-gateway/cmd/kubezoo/app/apiextensions.go:219.2,220.16 2 0
github.com/fivetime/kubezoo-gateway/cmd/kubezoo/app/apiextensions.go:220.16,222.3 1 0
github.com/fivetime/kubezoo-gateway/cmd/kubezoo/app/apiextensions.go:223.2,225.74 2 0
github.com/fivetime/kubezoo-gateway/cmd/kubezoo/app/apiextensions.go:225.74,227.3 1 0
github.com/fivetime/kubezoo-gateway/cmd/kubezoo/app/apiextensions.go:229.2,230.28 2 0
github.com/fivetime/kubezoo-gateway/cmd/kubezoo/app/apiextensions.go:230.28,232.3 1 0
github.com/fivetime/kubezoo-gateway/cmd/kubezoo/app/apiextensions.go:234.2,249.16 2 0
github.com/fivetime/kubezoo-gateway/cmd/kubezoo/app/apiextensions.go:249.16,251.3 1 0
github.com/fivetime/kubezoo-gateway/cmd/kubezoo/app/apiextensions.go:252.2,255.134 3 0
github.com/fivetime/kubezoo-gateway/cmd/kubezoo/app/apiextensions.go:255.134,258.3 2 0
github.com/fivetime/kubezoo-gateway/cmd/kubezoo/app/apiextensions.go:263.2,263.133 1 0
github.com/fivetime/kubezoo-gateway/cmd/kubezoo/app/apiextensions.go:263.133,264.77 1 0
github.com/fivetime/kubezoo-gateway/cmd/kubezoo/app/apiextensions.go:264.77,266.4 1 0
github.com/fivetime/kubezoo-gateway/cmd/kubezoo/app/apiextensions.go:269.2,269.15 1 0
github.com/fivetime/kubezoo-gateway/cmd/kubezoo/app/apigroups.go:53.36,55.6 1 0
github.com/fivetime/kubezoo-gateway/cmd/kubezoo/app/apigroups.go:56.40,58.6 1 0
github.com/fivetime/kubezoo-gateway/cmd/kubezoo/app/apigroups.go:77.36,79.6 1 1
github.com/fivetime/kubezoo-gateway/cmd/kubezoo/app/apigroups.go:89.36,91.6 1 1
github.com/fivetime/kubezoo-gateway/cmd/kubezoo/app/apigroups.go:109.36,111.6 1 1
github.com/fivetime/kubezoo-gateway/cmd/kubezoo/app/apigroups.go:112.77,114.6 1 0
github.com/fivetime/kubezoo-gateway/cmd/kubezoo/app/apigroups.go:126.36,128.6 1 1
github.com/fivetime/kubezoo-gateway/cmd/kubezoo/app/apigroups.go:138.36,140.6 1 1
github.com/fivetime/kubezoo-gateway/cmd/kubezoo/app/apigroups.go:141.77,143.6 1 0
github.com/fivetime/kubezoo-gateway/cmd/kubezoo/app/apigroups.go:152.36,154.6 1 1
github.com/fivetime/kubezoo-gateway/cmd/kubezoo/app/apigroups.go:161.36,163.6 1 0
github.com/fivetime/kubezoo-gateway/cmd/kubezoo/app/apigroups.go:171.36,173.6 1 0
github.com/fivetime/kubezoo-gateway/cmd/kubezoo/app/apigroups.go:174.40,176.6 1 0
github.com/fivetime/kubezoo-gateway/cmd/kubezoo/app/apigroups.go:185.36,187.6 1 0
github.com/fivetime/kubezoo-gateway/cmd/kubezoo/app/apigroups.go:188.40,190.6 1 0
github.com/fivetime/kubezoo-gateway/cmd/kubezoo/app/apigroups.go:199.36,201.6 1 1
github.com/fivetime/kubezoo-gateway/cmd/kubezoo/app/apigroups.go:210.36,212.6 1 1
github.com/fivetime/kubezoo-gateway/cmd/kubezoo/app/apigroups.go:222.36,224.6 1 0
github.com/fivetime/kubezoo-gateway/cmd/kubezoo/app/apigroups.go:225.40,227.6 1 0
github.com/fivetime/kubezoo-gateway/cmd/kubezoo/app/apigroups.go:236.36,238.6 1 1
github.com/fivetime/kubezoo-gateway/cmd/kubezoo/app/apigroups.go:247.36,249.6 1 1
github.com/fivetime/kubezoo-gateway/cmd/kubezoo/app/apigroups.go:258.36,260.6 1 0
github.com/fivetime/kubezoo-gateway/cmd/kubezoo/app/apigroups.go:261.40,263.6 1 0
github.com/fivetime/kubezoo-gateway/cmd/kubezoo/app/apigroups.go:272.36,274.6 1 0
github.com/fivetime/kubezoo-gateway/cmd/kubezoo/app/apigroups.go:275.40,277.6 1 0
github.com/fivetime/kubezoo-gateway/cmd/kubezoo/app/apigroups.go:286.36,288.6 1 1
github.com/fivetime/kubezoo-gateway/cmd/kubezoo/app/apigroups.go:297.36,299.6 1 1
github.com/fivetime/kubezoo-gateway/cmd/kubezoo/app/apigroups.go:308.36,310.6 1 0
github.com/fivetime/kubezoo-gateway/cmd/kubezoo/app/apigroups.go:311.40,313.6 1 0
github.com/fivetime/kubezoo-gateway/cmd/kubezoo/app/apigroups.go:322.36,324.6 1 0
github.com/fivetime/kubezoo-gateway/cmd/kubezoo/app/apigroups.go:325.40,327.6 1 0
github.com/fivetime/kubezoo-gateway/cmd/kubezoo/app/apigroups.go:337.36,339.6 1 0
github.com/fivetime/kubezoo-gateway/cmd/kubezoo/app/apigroups.go:340.40,342.6 1 0
github.com/fivetime/kubezoo-gateway/cmd/kubezoo/app/apigroups.go:351.36,353.6 1 1
github.com/fivetime/kubezoo-gateway/cmd/kubezoo/app/apigroups.go:362.36,364.6 1 0
github.com/fivetime/kubezoo-gateway/cmd/kubezoo/app/apigroups.go:365.40,367.6 1 0
github.com/fivetime/kubezoo-gateway/cmd/kubezoo/app/apigroups.go:377.36,379.6 1 1
github.com/fivetime/kubezoo-gateway/cmd/kubezoo/app/apigroups.go:389.36,391.6 1 1
github.com/fivetime/kubezoo-gateway/cmd/kubezoo/app/apigroups.go:400.36,402.6 1 0
github.com/fivetime/kubezoo-gateway/cmd/kubezoo/app/apigroups.go:403.40,405.6 1 0
github.com/fivetime/kubezoo-gateway/cmd/kubezoo/app/apigroups.go:413.36,415.6 1 0
github.com/fivetime/kubezoo-gateway/cmd/kubezoo/app/apigroups.go:416.40,418.6 1 0
github.com/fivetime/kubezoo-gateway/cmd/kubezoo/app/apigroups.go:427.36,429.6 1 0
github.com/fivetime/kubezoo-gateway/cmd/kubezoo/app/apigroups.go:430.40,432.6 1 0
github.com/fivetime/kubezoo-gateway/cmd/kubezoo/app/apigroups.go:441.36,443.6 1 1
github.com/fivetime/kubezoo-gateway/cmd/kubezoo/app/apigroups.go:451.36,453.6 1 0
github.com/fivetime/kubezoo-gateway/cmd/kubezoo/app/apigroups.go:454.40,456.6 1 0
github.com/fivetime/kubezoo-gateway/cmd/kubezoo/app/apigroups.go:467.36,469.6 1 1
github.com/fivetime/kubezoo-gateway/cmd/kubezoo/app/apigroups.go:477.36,479.6 1 0
github.com/fivetime/kubezoo-gateway/cmd/kubezoo/app/apigroups.go:480.40,482.6 1 0
github.com/fivetime/kubezoo-gateway/cmd/kubezoo/app/apigroups.go:495.36,497.6 1 1
github.com/fivetime/kubezoo-gateway/cmd/kubezoo/app/apigroups.go:498.77,500.6 1 0
github.com/fivetime/kubezoo-gateway/cmd/kubezoo/app/apigroups.go:509.36,511.6 1 0
github.com/fivetime/kubezoo-gateway/cmd/kubezoo/app/apigroups.go:512.40,514.6 1 0
github.com/fivetime/kubezoo-gateway/cmd/kubezoo/app/apigroups.go:533.45,533.74 1 0
github.com/fivetime/kubezoo-gateway/cmd/kubezoo/app/apigroups.go:534.45,534.78 1 0
github.com/fivetime/kubezoo-gateway/cmd/kubezoo/app/apigroups.go:541.45,541.74 1 1
github.com/fivetime/kubezoo-gateway/cmd/kubezoo/app/apigroups.go:548.50,548.81 1 1
github.com/fivetime/kubezoo-gateway/cmd/kubezoo/app/apigroups.go:558.45,558.75 1 0
github.com/fivetime/kubezoo-gateway/cmd/kubezoo/app/apigroups.go:559.45,559.79 1 0
github.com/fivetime/kubezoo-gateway/cmd/kubezoo/app/apigroups.go:566.45,566.75 1 1
github.com/fivetime/kubezoo-gateway/cmd/kubezoo/app/apigroups.go:573.50,573.81 1 1
github.com/fivetime/kubezoo-gateway/cmd/kubezoo/app/apigroups.go:583.45,583.73 1 0
github.com/fivetime/kubezoo-gateway/cmd/kubezoo/app/apigroups.go:584.45,584.77 1 0
github.com/fivetime/kubezoo-gateway/cmd/kubezoo/app/apigroups.go:592.45,592.73 1 1
github.com/fivetime/kubezoo-gateway/cmd/kubezoo/app/apigroups.go:601.45,601.74 1 0
github.com/fivetime/kubezoo-gateway/cmd/kubezoo/app/apigroups.go:602.45,602.78 1 0
github.com/fivetime/kubezoo-gateway/cmd/kubezoo/app/apigroups.go:609.45,609.74 1 1
github.com/fivetime/kubezoo-gateway/cmd/kubezoo/app/apigroups.go:616.50,616.81 1 1
github.com/fivetime/kubezoo-gateway/cmd/kubezoo/app/apigroups.go:625.45,625.82 1 0
github.com/fivetime/kubezoo-gateway/cmd/kubezoo/app/apigroups.go:626.45,626.86 1 0
github.com/fivetime/kubezoo-gateway/cmd/kubezoo/app/apigroups.go:640.45,640.85 1 0
github.com/fivetime/kubezoo-gateway/cmd/kubezoo/app/apigroups.go:654.45,654.68 1 0
github.com/fivetime/kubezoo-gateway/cmd/kubezoo/app/apigroups.go:655.45,655.72 1 0
github.com/fivetime/kubezoo-gateway/cmd/kubezoo/app/apigroups.go:662.45,662.68 1 1
github.com/fivetime/kubezoo-gateway/cmd/kubezoo/app/apigroups.go:668.45,668.72 1 0
github.com/fivetime/kubezoo-gateway/cmd/kubezoo/app/apigroups.go:669.45,669.76 1 0
github.com/fivetime/kubezoo-gateway/cmd/kubezoo/app/apigroups.go:676.45,676.72 1 1
github.com/fivetime/kubezoo-gateway/cmd/kubezoo/app/apigroups.go:690.45,690.111 1 0
github.com/fivetime/kubezoo-gateway/cmd/kubezoo/app/apigroups.go:691.45,691.115 1 0
github.com/fivetime/kubezoo-gateway/cmd/kubezoo/app/apigroups.go:697.45,697.109 1 0
github.com/fivetime/kubezoo-gateway/cmd/kubezoo/app/apigroups.go:698.45,698.113 1 0
github.com/fivetime/kubezoo-gateway/cmd/kubezoo/app/apigroups.go:712.45,712.73 1 0
github.com/fivetime/kubezoo-gateway/cmd/kubezoo/app/apigroups.go:713.45,713.77 1 0
github.com/fivetime/kubezoo-gateway/cmd/kubezoo/app/apigroups.go:727.45,727.68 1 0
github.com/fivetime/kubezoo-gateway/cmd/kubezoo/app/apigroups.go:728.45,728.72 1 0
github.com/fivetime/kubezoo-gateway/cmd/kubezoo/app/apigroups.go:735.45,735.75 1 0
github.com/fivetime/kubezoo-gateway/cmd/kubezoo/app/apigroups.go:736.45,736.79 1 0
github.com/fivetime/kubezoo-gateway/cmd/kubezoo/app/apigroups.go:742.45,742.75 1 0
github.com/fivetime/kubezoo-gateway/cmd/kubezoo/app/apigroups.go:743.45,743.79 1 0
github.com/fivetime/kubezoo-gateway/cmd/kubezoo/app/apigroups.go:750.45,750.82 1 0
github.com/fivetime/kubezoo-gateway/cmd/kubezoo/app/apigroups.go:751.45,751.86 1 0
github.com/fivetime/kubezoo-gateway/cmd/kubezoo/app/apigroups.go:766.45,766.85 1 0
github.com/fivetime/kubezoo-gateway/cmd/kubezoo/app/apigroups.go:767.45,767.89 1 0
github.com/fivetime/kubezoo-gateway/cmd/kubezoo/app/apigroups.go:775.45,775.85 1 1
github.com/fivetime/kubezoo-gateway/cmd/kubezoo/app/apigroups.go:790.45,790.83 1 0
github.com/fivetime/kubezoo-gateway/cmd/kubezoo/app/apigroups.go:791.45,791.87 1 0
github.com/fivetime/kubezoo-gateway/cmd/kubezoo/app/apigroups.go:798.45,798.77 1 0
github.com/fivetime/kubezoo-gateway/cmd/kubezoo/app/apigroups.go:799.45,799.81 1 0
github.com/fivetime/kubezoo-gateway/cmd/kubezoo/app/apigroups.go:807.45,807.77 1 1
github.com/fivetime/kubezoo-gateway/cmd/kubezoo/app/apigroups.go:813.45,813.82 1 0
github.com/fivetime/kubezoo-gateway/cmd/kubezoo/app/apigroups.go:814.45,814.86 1 0
github.com/fivetime/kubezoo-gateway/cmd/kubezoo/app/apigroups.go:828.45,828.82 1 0
github.com/fivetime/kubezoo-gateway/cmd/kubezoo/app/apigroups.go:829.45,829.86 1 0
github.com/fivetime/kubezoo-gateway/cmd/kubezoo/app/apigroups.go:843.45,843.77 1 0
github.com/fivetime/kubezoo-gateway/cmd/kubezoo/app/apigroups.go:844.45,844.81 1 0
github.com/fivetime/kubezoo-gateway/cmd/kubezoo/app/apigroups.go:859.45,859.94 1 0
github.com/fivetime/kubezoo-gateway/cmd/kubezoo/app/apigroups.go:860.45,860.98 1 0
github.com/fivetime/kubezoo-gateway/cmd/kubezoo/app/apigroups.go:868.45,868.94 1 1
github.com/fivetime/kubezoo-gateway/cmd/kubezoo/app/apigroups.go:879.45,879.94 1 0
github.com/fivetime/kubezoo-gateway/cmd/kubezoo/app/apigroups.go:880.45,880.98 1 0
github.com/fivetime/kubezoo-gateway/cmd/kubezoo/app/apigroups.go:888.45,888.94 1 1
github.com/fivetime/kubezoo-gateway/cmd/kubezoo/app/apigroups.go:902.45,902.92 1 0
github.com/fivetime/kubezoo-gateway/cmd/kubezoo/app/apigroups.go:908.45,908.96 1 0
github.com/fivetime/kubezoo-gateway/cmd/kubezoo/app/apigroups.go:914.45,914.97 1 0
github.com/fivetime/kubezoo-gateway/cmd/kubezoo/app/apigroups.go:920.45,920.95 1 0
github.com/fivetime/kubezoo-gateway/cmd/kubezoo/app/apigroups.go:934.37,936.7 1 0
github.com/fivetime/kubezoo-gateway/cmd/kubezoo/app/apigroups.go:937.41,939.7 1 0
github.com/fivetime/kubezoo-gateway/cmd/kubezoo/app/apigroups.go:956.89,957.22 1 0
github.com/fivetime/kubezoo-gateway/cmd/kubezoo/app/apigroups.go:958.44,959.64 1 0
github.com/fivetime/kubezoo-gateway/cmd/kubezoo/app/apigroups.go:960.38,961.58 1 0
github.com/fivetime/kubezoo-gateway/cmd/kubezoo/app/apigroups.go:962.38,963.58 1 0
github.com/fivetime/kubezoo-gateway/cmd/kubezoo/app/apigroups.go:964.10,965.60 1 0
github.com/fivetime/kubezoo-gateway/cmd/kubezoo/app/apigroups.go:981.40,983.33 2 0
github.com/fivetime/kubezoo-gateway/cmd/kubezoo/app/apigroups.go:983.33,985.3 1 0
github.com/fivetime/kubezoo-gateway/cmd/kubezoo/app/apigroups.go:993.2,1000.4 1 0
github.com/fivetime/kubezoo-gateway/cmd/kubezoo/app/apigroups.go:1000.4,1002.3 1 0
github.com/fivetime/kubezoo-gateway/cmd/kubezoo/app/apigroups.go:1003.2,1003.15 1 0
github.com/fivetime/kubezoo-gateway/cmd/kubezoo/app/customresource_handler.go:189.52,208.37 2 0
github.com/fivetime/kubezoo-gateway/cmd/kubezoo/app/customresource_handler.go:208.37,210.4 1 0
github.com/fivetime/kubezoo-gateway/cmd/kubezoo/app/customresource_handler.go:212.2,213.16 2 0
github.com/fivetime/kubezoo-gateway/cmd/kubezoo/app/customresource_handler.go:213.16,215.3 1 0
github.com/fivetime/kubezoo-gateway/cmd/kubezoo/app/customresource_handler.go:216.2,220.17 3 0
github.com/fivetime/kubezoo-gateway/cmd/kubezoo/app/customresource_handler.go:232.74,235.9 3 0
github.com/fivetime/kubezoo-gateway/cmd/kubezoo/app/customresource_handler.go:235.9,241.3 2 0
github.com/fivetime/kubezoo-gateway/cmd/kubezoo/app/customresource_handler.go:242.2,242.36 1 0
github.com/fivetime/kubezoo-gateway/cmd/kubezoo/app/customresource_handler.go:242.36,245.3 2 0
github.com/fivetime/kubezoo-gateway/cmd/kubezoo/app/customresource_handler.go:247.2,249.31 3 0
github.com/fivetime/kubezoo-gateway/cmd/kubezoo/app/customresource_handler.go:249.31,250.21 1 0
github.com/fivetime/kubezoo-gateway/cmd/kubezoo/app/customresource_handler.go:250.21,253.4 2 0
github.com/fivetime/kubezoo-gateway/cmd/kubezoo/app/customresource_handler.go:255.3,256.9 2 0
github.com/fivetime/kubezoo-gateway/cmd/kubezoo/app/customresource_handler.go:258.2,258.16 1 0
github.com/fivetime/kubezoo-gateway/cmd/kubezoo/app/customresource_handler.go:258.16,265.3 3 0
github.com/fivetime/kubezoo-gateway/cmd/kubezoo/app/customresource_handler.go:269.2,270.37 2 0
github.com/fivetime/kubezoo-gateway/cmd/kubezoo/app/customresource_handler.go:270.37,273.3 2 0
github.com/fivetime/kubezoo-gateway/cmd/kubezoo/app/customresource_handler.go:274.2,274.96 1 0
github.com/fivetime/kubezoo-gateway/cmd/kubezoo/app/customresource_handler.go:274.96,277.3 2 0
github.com/fivetime/kubezoo-gateway/cmd/kubezoo/app/customresource_handler.go:279.2,279.76 1 0
github.com/fivetime/kubezoo-gateway/cmd/kubezoo/app/customresource_handler.go:279.76,282.3 2 0
github.com/fivetime/kubezoo-gateway/cmd/kubezoo/app/customresource_handler.go:288.2,289.78 1 0
github.com/fivetime/kubezoo-gateway/cmd/kubezoo/app/customresource_handler.go:289.78,292.3 2 0
github.com/fivetime/kubezoo-gateway/cmd/kubezoo/app/customresource_handler.go:294.2,297.31 3 0
github.com/fivetime/kubezoo-gateway/cmd/kubezoo/app/customresource_handler.go:297.31,300.3 2 0
github.com/fivetime/kubezoo-gateway/cmd/kubezoo/app/customresource_handler.go:301.2,301.16 1 0
github.com/fivetime/kubezoo-gateway/cmd/kubezoo/app/customresource_handler.go:301.16,308.3 3 0
github.com/fivetime/kubezoo-gateway/cmd/kubezoo/app/customresource_handler.go:309.2,309.64 1 0
github.com/fivetime/kubezoo-gateway/cmd/kubezoo/app/customresource_handler.go:309.64,312.3 2 0
github.com/fivetime/kubezoo-gateway/cmd/kubezoo/app/customresource_handler.go:314.2,323.76 6 0
github.com/fivetime/kubezoo-gateway/cmd/kubezoo/app/customresource_handler.go:323.76,325.3 1 0
github.com/fivetime/kubezoo-gateway/cmd/kubezoo/app/customresource_handler.go:327.2,329.16 3 0
github.com/fivetime/kubezoo-gateway/cmd/kubezoo/app/customresource_handler.go:329.16,336.3 3 0
github.com/fivetime/kubezoo-gateway/cmd/kubezoo/app/customresource_handler.go:337.2,337.9 1 0
github.com/fivetime/kubezoo-gateway/cmd/kubezoo/app/customresource_handler.go:338.84,339.89 1 0
github.com/fivetime/kubezoo-gateway/cmd/kubezoo/app/customresource_handler.go:340.82,341.88 1 0
github.com/fivetime/kubezoo-gateway/cmd/kubezoo/app/customresource_handler.go:342.29,343.91 1 0
github.com/fivetime/kubezoo-gateway/cmd/kubezoo/app/customresource_handler.go:344.10,348.4 1 0
github.com/fivetime/kubezoo-gateway/cmd/kubezoo/app/customresource_handler.go:351.2,351.24 1 0
github.com/fivetime/kubezoo-gateway/cmd/kubezoo/app/customresource_handler.go:351.24,356.3 4 0
github.com/fivetime/kubezoo-gateway/cmd/kubezoo/app/customresource_handler.go:359.193,375.16 7 0
github.com/fivetime/kubezoo-gateway/cmd/kubezoo/app/customresource_handler.go:375.16,379.3 2 0
github.com/fivetime/kubezoo-gateway/cmd/kubezoo/app/customresource_handler.go:380.2,382.26 2 0
github.com/fivetime/kubezoo-gateway/cmd/kubezoo/app/customresource_handler.go:383.13,384.58 1 0
github.com/fivetime/kubezoo-gateway/cmd/kubezoo/app/customresource_handler.go:385.14,387.106 2 0
github.com/fivetime/kubezoo-gateway/cmd/kubezoo/app/customresource_handler.go:388.15,390.106 2 0
github.com/fivetime/kubezoo-gateway/cmd/kubezoo/app/customresource_handler.go:391.16,397.18 1 0
github.com/fivetime/kubezoo-gateway/cmd/kubezoo/app/customresource_handler.go:397.18,402.4 4 0
github.com/fivetime/kubezoo-gateway/cmd/kubezoo/app/customresource_handler.go:403.3,403.66 1 0
github.com/fivetime/kubezoo-gateway/cmd/kubezoo/app/customresource_handler.go:404.16,405.66 1 0
github.com/fivetime/kubezoo-gateway/cmd/kubezoo/app/customresource_handler.go:406.15,407.81 1 0
github.com/fivetime/kubezoo-gateway/cmd/kubezoo/app/customresource_handler.go:408.16,410.81 2 0
github.com/fivetime/kubezoo-gateway/cmd/kubezoo/app/customresource_handler.go:411.26,413.79 2 0
github.com/fivetime/kubezoo-gateway/cmd/kubezoo/app/customresource_handler.go:414.10,419.13 2 0
github.com/fivetime/kubezoo-gateway/cmd/kubezoo/app/customresource_handler.go:423.191,438.16 7 0
github.com/fivetime/kubezoo-gateway/cmd/kubezoo/app/customresource_handler.go:438.16,442.3 2 0
github.com/fivetime/kubezoo-gateway/cmd/kubezoo/app/customresource_handler.go:444.2,444.26 1 0
github.com/fivetime/kubezoo-gateway/cmd/kubezoo/app/customresource_handler.go:445.13,446.72 1 0
github.com/fivetime/kubezoo-gateway/cmd/kubezoo/app/customresource_handler.go:447.16,448.81 1 0
github.com/fivetime/kubezoo-gateway/cmd/kubezoo/app/customresource_handler.go:449.15,450.96 1 0
github.com/fivetime/kubezoo-gateway/cmd/kubezoo/app/customresource_handler.go:451.10,456.13 2 0
github.com/fivetime/kubezoo-gateway/cmd/kubezoo/app/customresource_handler.go:460.190,475.16 7 0
github.com/fivetime/kubezoo-gateway/cmd/kubezoo/app/customresource_handler.go:475.16,479.3 2 0
github.com/fivetime/kubezoo-gateway/cmd/kubezoo/app/customresource_handler.go:481.2,481.26 1 0
github.com/fivetime/kubezoo-gateway/cmd/kubezoo/app/customresource_handler.go:482.13,483.72 1 0
github.com/fivetime/kubezoo-gateway/cmd/kubezoo/app/customresource_handler.go:484.16,485.81 1 0
github.com/fivetime/kubezoo-gateway/cmd/kubezoo/app/customresource_handler.go:486.15,487.96 1 0
github.com/fivetime/kubezoo-gateway/cmd/kubezoo/app/customresource_handler.go:488.10,493.13 2 0
github.com/fivetime/kubezoo-gateway/cmd/kubezoo/app/customresource_handler.go:498.70,504.2 4 0
github.com/fivetime/kubezoo-gateway/cmd/kubezoo/app/customresource_handler.go:507.81,514.30 5 0
github.com/fivetime/kubezoo-gateway/cmd/kubezoo/app/customresource_handler.go:514.30,516.3 1 0
github.com/fivetime/kubezoo-gateway/cmd/kubezoo/app/customresource_handler.go:518.2,520.12 3 0
github.com/fivetime/kubezoo-gateway/cmd/kubezoo/app/customresource_handler.go:520.12,522.3 1 0
github.com/fivetime/kubezoo-gateway/cmd/kubezoo/app/customresource_handler.go:523.2,523.151 1 0
github.com/fivetime/kubezoo-gateway/cmd/kubezoo/app/customresource_handler.go:523.151,526.3 2 0
github.com/fivetime/kubezoo-gateway/cmd/kubezoo/app/customresource_handler.go:528.2,529.36 2 0
github.com/fivetime/kubezoo-gateway/cmd/kubezoo/app/customresource_handler.go:535.58,537.40 2 0
github.com/fivetime/kubezoo-gateway/cmd/kubezoo/app/customresource_handler.go:537.40,548.3 4 0
github.com/fivetime/kubezoo-gateway/cmd/kubezoo/app/customresource_handler.go:552.42,554.16 2 0
github.com/fivetime/kubezoo-gateway/cmd/kubezoo/app/customresource_handler.go:554.16,557.3 2 0
github.com/fivetime/kubezoo-gateway/cmd/kubezoo/app/customresource_handler.go:559.2,565.51 5 0
github.com/fivetime/kubezoo-gateway/cmd/kubezoo/app/customresource_handler.go:565.51,566.39 1 0
github.com/fivetime/kubezoo-gateway/cmd/kubezoo/app/customresource_handler.go:566.39,568.4 1 0
github.com/fivetime/kubezoo-gateway/cmd/kubezoo/app/customresource_handler.go:570.2,572.39 2 0
github.com/fivetime/kubezoo-gateway/cmd/kubezoo/app/customresource_handler.go:572.39,573.37 1 0
github.com/fivetime/kubezoo-gateway/cmd/kubezoo/app/customresource_handler.go:573.37,576.4 2 0
github.com/fivetime/kubezoo-gateway/cmd/kubezoo/app/customresource_handler.go:581.49,583.12 2 0
github.com/fivetime/kubezoo-gateway/cmd/kubezoo/app/customresource_handler.go:583.12,589.3 3 0
github.com/fivetime/kubezoo-gateway/cmd/kubezoo/app/customresource_handler.go:591.2,591.9 1 0
github.com/fivetime/kubezoo-gateway/cmd/kubezoo/app/customresource_handler.go:592.42,593.134 1 0
github.com/fivetime/kubezoo-gateway/cmd/kubezoo/app/customresource_handler.go:594.25,594.25 0 0
github.com/fivetime/kubezoo-gateway/cmd/kubezoo/app/customresource_handler.go:597.2,597.43 1 0
github.com/fivetime/kubezoo-gateway/cmd/kubezoo/app/customresource_handler.go:597.43,600.3 1 0
github.com/fivetime/kubezoo-gateway/cmd/kubezoo/app/customresource_handler.go:605.32,610.37 4 0
github.com/fivetime/kubezoo-gateway/cmd/kubezoo/app/customresource_handler.go:610.37,611.44 1 0
github.com/fivetime/kubezoo-gateway/cmd/kubezoo/app/customresource_handler.go:611.44,616.4 1 0
github.com/fivetime/kubezoo-gateway/cmd/kubezoo/app/customresource_handler.go:622.153,624.16 2 0
github.com/fivetime/kubezoo-gateway/cmd/kubezoo/app/customresource_handler.go:624.16,626.3 1 0
github.com/fivetime/kubezoo-gateway/cmd/kubezoo/app/customresource_handler.go:627.2,627.63 1 0
github.com/fivetime/kubezoo-gateway/cmd/kubezoo/app/customresource_handler.go:632.115,634.36 2 0
github.com/fivetime/kubezoo-gateway/cmd/kubezoo/app/customresource_handler.go:634.36,636.3 1 0
github.com/fivetime/kubezoo-gateway/cmd/kubezoo/app/customresource_handler.go:638.2,646.16 4 0
github.com/fivetime/kubezoo-gateway/cmd/kubezoo/app/customresource_handler.go:646.16,648.3 1 0
github.com/fivetime/kubezoo-gateway/cmd/kubezoo/app/customresource_handler.go:649.2,650.40 2 0
github.com/fivetime/kubezoo-gateway/cmd/kubezoo/app/customresource_handler.go:650.40,652.3 1 0
github.com/fivetime/kubezoo-gateway/cmd/kubezoo/app/customresource_handler.go:654.2,655.16 2 0
github.com/fivetime/kubezoo-gateway/cmd/kubezoo/app/customresource_handler.go:655.16,657.3 1 0
github.com/fivetime/kubezoo-gateway/cmd/kubezoo/app/customresource_handler.go:660.2,670.38 9 0
github.com/fivetime/kubezoo-gateway/cmd/kubezoo/app/customresource_handler.go:670.38,672.17 2 0
github.com/fivetime/kubezoo-gateway/cmd/kubezoo/app/customresource_handler.go:672.17,675.4 2 0
github.com/fivetime/kubezoo-gateway/cmd/kubezoo/app/customresource_handler.go:676.3,676.17 1 0
github.com/fivetime/kubezoo-gateway/cmd/kubezoo/app/customresource_handler.go:676.17,677.12 1 0
github.com/fivetime/kubezoo-gateway/cmd/kubezoo/app/customresource_handler.go:679.3,680.149 2 0
github.com/fivetime/kubezoo-gateway/cmd/kubezoo/app/customresource_handler.go:680.149,682.4 1 0
github.com/fivetime/kubezoo-gateway/cmd/kubezoo/app/customresource_handler.go:683.3,684.52 2 0
github.com/fivetime/kubezoo-gateway/cmd/kubezoo/app/customresource_handler.go:684.52,688.4 2 0
github.com/fivetime/kubezoo-gateway/cmd/kubezoo/app/customresource_handler.go:690.3,690.38 1 0
github.com/fivetime/kubezoo-gateway/cmd/kubezoo/app/customresource_handler.go:690.38,694.64 2 0
github.com/fivetime/kubezoo-gateway/cmd/kubezoo/app/customresource_handler.go:694.64,698.5 2 0
github.com/fivetime/kubezoo-gateway/cmd/kubezoo/app/customresource_handler.go:700.3,700.32 1 0
github.com/fivetime/kubezoo-gateway/cmd/kubezoo/app/customresource_handler.go:703.2,704.16 2 0
github.com/fivetime/kubezoo-gateway/cmd/kubezoo/app/customresource_handler.go:704.16,707.3 2 0
github.com/fivetime/kubezoo-gateway/cmd/kubezoo/app/customresource_handler.go:709.2,710.28 2 0
github.com/fivetime/kubezoo-gateway/cmd/kubezoo/app/customresource_handler.go:710.28,712.17 2 0
github.com/fivetime/kubezoo-gateway/cmd/kubezoo/app/customresource_handler.go:712.17,714.4 1 0
github.com/fivetime/kubezoo-gateway/cmd/kubezoo/app/customresource_handler.go:717.2,718.16 2 0
github.com/fivetime/kubezoo-gateway/cmd/kubezoo/app/customresource_handler.go:718.16,720.3 1 0
github.com/fivetime/kubezoo-gateway/cmd/kubezoo/app/customresource_handler.go:723.2,724.38 2 0
github.com/fivetime/kubezoo-gateway/cmd/kubezoo/app/customresource_handler.go:724.38,726.17 2 0
github.com/fivetime/kubezoo-gateway/cmd/kubezoo/app/customresource_handler.go:726.17,729.4 2 0
github.com/fivetime/kubezoo-gateway/cmd/kubezoo/app/customresource_handler.go:730.3,730.55 1 0
github.com/fivetime/kubezoo-gateway/cmd/kubezoo/app/customresource_handler.go:730.55,732.12 2 0
github.com/fivetime/kubezoo-gateway/cmd/kubezoo/app/customresource_handler.go:734.3,736.45 3 0
github.com/fivetime/kubezoo-gateway/cmd/kubezoo/app/customresource_handler.go:736.45,739.4 2 0
github.com/fivetime/kubezoo-gateway/cmd/kubezoo/app/customresource_handler.go:740.3,740.108 1 0
github.com/fivetime/kubezoo-gateway/cmd/kubezoo/app/customresource_handler.go:744.2,744.47 1 0
github.com/fivetime/kubezoo-gateway/cmd/kubezoo/app/customresource_handler.go:744.47,747.3 2 0
github.com/fivetime/kubezoo-gateway/cmd/kubezoo/app/customresource_handler.go:748.2,748.49 1 0
github.com/fivetime/kubezoo-gateway/cmd/kubezoo/app/customresource_handler.go:748.49,751.3 2 0
github.com/fivetime/kubezoo-gateway/cmd/kubezoo/app/customresource_handler.go:752.2,752.45 1 0
github.com/fivetime/kubezoo-gateway/cmd/kubezoo/app/customresource_handler.go:752.45,755.3 2 0
github.com/fivetime/kubezoo-gateway/cmd/kubezoo/app/customresource_handler.go:756.2,756.49 1 0
github.com/fivetime/kubezoo-gateway/cmd/kubezoo/app/customresource_handler.go:756.49,759.3 2 0
github.com/fivetime/kubezoo-gateway/cmd/kubezoo/app/customresource_handler.go:761.2,767.38 2 0
github.com/fivetime/kubezoo-gateway/cmd/kubezoo/app/customresource_handler.go:767.38,772.17 5 0
github.com/fivetime/kubezoo-gateway/cmd/kubezoo/app/customresource_handler.go:772.17,775.4 2 0
github.com/fivetime/kubezoo-gateway/cmd/kubezoo/app/customresource_handler.go:778.3,779.43 2 0
github.com/fivetime/kubezoo-gateway/cmd/kubezoo/app/customresource_handler.go:779.43,780.51 1 0
github.com/fivetime/kubezoo-gateway/cmd/kubezoo/app/customresource_handler.go:780.51,782.5 1 0
github.com/fivetime/kubezoo-gateway/cmd/kubezoo/app/customresource_handler.go:783.4,783.50 1 0
github.com/fivetime/kubezoo-gateway/cmd/kubezoo/app/customresource_handler.go:783.50,785.5 1 0
github.com/fivetime/kubezoo-gateway/cmd/kubezoo/app/customresource_handler.go:789.2,789.38 1 0
github.com/fivetime/kubezoo-gateway/cmd/kubezoo/app/customresource_handler.go:789.38,791.30 1 0
github.com/fivetime/kubezoo-gateway/cmd/kubezoo/app/customresource_handler.go:791.30,792.12 1 0
github.com/fivetime/kubezoo-gateway/cmd/kubezoo/app/customresource_handler.go:797.3,813.17 10 0
github.com/fivetime/kubezoo-gateway/cmd/kubezoo/app/customresource_handler.go:813.17,816.4 2 0
github.com/fivetime/kubezoo-gateway/cmd/kubezoo/app/customresource_handler.go:817.3,819.30 3 0
github.com/fivetime/kubezoo-gateway/cmd/kubezoo/app/customresource_handler.go:819.30,821.169 2 0
github.com/fivetime/kubezoo-gateway/cmd/kubezoo/app/customresource_handler.go:821.169,823.5 1 0
github.com/fivetime/kubezoo-gateway/cmd/kubezoo/app/customresource_handler.go:824.4,824.66 1 0
github.com/fivetime/kubezoo-gateway/cmd/kubezoo/app/customresource_handler.go:826.3,827.17 2 0
github.com/fivetime/kubezoo-gateway/cmd/kubezoo/app/customresource_handler.go:827.17,829.4 1 0
github.com/fivetime/kubezoo-gateway/cmd/kubezoo/app/customresource_handler.go:831.3,835.56 4 0
github.com/fivetime/kubezoo-gateway/cmd/kubezoo/app/customresource_handler.go:835.56,837.172 2 0
github.com/fivetime/kubezoo-gateway/cmd/kubezoo/app/customresource_handler.go:837.172,839.5 1 0
github.com/fivetime/kubezoo-gateway/cmd/kubezoo/app/customresource_handler.go:841.4,841.152 1 0
github.com/fivetime/kubezoo-gateway/cmd/kubezoo/app/customresource_handler.go:841.152,842.94 1 0
github.com/fivetime/kubezoo-gateway/cmd/kubezoo/app/customresource_handler.go:842.94,844.20 2 0
github.com/fivetime/kubezoo-gateway/cmd/kubezoo/app/customresource_handler.go:844.20,846.7 1 0
github.com/fivetime/kubezoo-gateway/cmd/kubezoo/app/customresource_handler.go:851.3,852.55 2 0
github.com/fivetime/kubezoo-gateway/cmd/kubezoo/app/customresource_handler.go:852.55,854.168 2 0
github.com/fivetime/kubezoo-gateway/cmd/kubezoo/app/customresource_handler.go:854.168,856.5 1 0
github.com/fivetime/kubezoo-gateway/cmd/kubezoo/app/customresource_handler.go:859.3,860.17 2 0
github.com/fivetime/kubezoo-gateway/cmd/kubezoo/app/customresource_handler.go:860.17,863.4 2 0
github.com/fivetime/kubezoo-gateway/cmd/kubezoo/app/customresource_handler.go:864.3,865.17 2 0
github.com/fivetime/kubezoo-gateway/cmd/kubezoo/app/customresource_handler.go:865.17,867.4 1 0
github.com/fivetime/kubezoo-gateway/cmd/kubezoo/app/customresource_handler.go:869.3,900.17 3 0
github.com/fivetime/kubezoo-gateway/cmd/kubezoo/app/customresource_handler.go:900.17,902.4 1 0
github.com/fivetime/kubezoo-gateway/cmd/kubezoo/app/customresource_handler.go:904.3,959.77 4 0
github.com/fivetime/kubezoo-gateway/cmd/kubezoo/app/customresource_handler.go:959.77,961.4 1 0
github.com/fivetime/kubezoo-gateway/cmd/kubezoo/app/customresource_handler.go:963.3,964.64 2 0
github.com/fivetime/kubezoo-gateway/cmd/kubezoo/app/customresource_handler.go:964.64,965.50 1 0
github.com/fivetime/kubezoo-gateway/cmd/kubezoo/app/customresource_handler.go:965.50,966.13 1 0
github.com/fivetime/kubezoo-gateway/cmd/kubezoo/app/customresource_handler.go:968.4,968.56 1 0
github.com/fivetime/kubezoo-gateway/cmd/kubezoo/app/customresource_handler.go:971.3,1010.17 4 0
github.com/fivetime/kubezoo-gateway/cmd/kubezoo/app/customresource_handler.go:1010.17,1012.4 1 0
github.com/fivetime/kubezoo-gateway/cmd/kubezoo/app/customresource_handler.go:1013.3,1016.17 3 0
github.com/fivetime/kubezoo-gateway/cmd/kubezoo/app/customresource_handler.go:1016.17,1018.4 1 0
github.com/fivetime/kubezoo-gateway/cmd/kubezoo/app/customresource_handler.go:1019.3,1027.77 6 0
github.com/fivetime/kubezoo-gateway/cmd/kubezoo/app/customresource_handler.go:1027.77,1029.4 1 0
github.com/fivetime/kubezoo-gateway/cmd/kubezoo/app/customresource_handler.go:1030.3,1030.89 1 0
github.com/fivetime/kubezoo-gateway/cmd/kubezoo/app/customresource_handler.go:1030.89,1032.4 1 0
github.com/fivetime/kubezoo-gateway/cmd/kubezoo/app/customresource_handler.go:1033.3,1033.93 1 0
github.com/fivetime/kubezoo-gateway/cmd/kubezoo/app/customresource_handler.go:1033.93,1035.4 1 0
github.com/fivetime/kubezoo-gateway/cmd/kubezoo/app/customresource_handler.go:1036.3,1044.55 5 0
github.com/fivetime/kubezoo-gateway/cmd/kubezoo/app/customresource_handler.go:1044.55,1051.18 2 0
github.com/fivetime/kubezoo-gateway/cmd/kubezoo/app/customresource_handler.go:1051.18,1053.5 1 0
github.com/fivetime/kubezoo-gateway/cmd/kubezoo/app/customresource_handler.go:1056.3,1058.19 2 0
github.com/fivetime/kubezoo-gateway/cmd/kubezoo/app/customresource_handler.go:1058.19,1060.35 2 0
github.com/fivetime/kubezoo-gateway/cmd/kubezoo/app/customresource_handler.go:1060.35,1062.5 1 0
github.com/fivetime/kubezoo-gateway/cmd/kubezoo/app/customresource_handler.go:1062.10,1064.5 1 0
github.com/fivetime/kubezoo-gateway/cmd/kubezoo/app/customresource_handler.go:1068.2,1070.16 3 0
github.com/fivetime/kubezoo-gateway/cmd/kubezoo/app/customresource_handler.go:1070.16,1072.3 1 0
github.com/fivetime/kubezoo-gateway/cmd/kubezoo/app/customresource_handler.go:1074.2,1095.17 5 0
github.com/fivetime/kubezoo-gateway/cmd/kubezoo/app/customresource_handler.go:1099.172,1101.42 2 0
github.com/fivetime/kubezoo-gateway/cmd/kubezoo/app/customresource_handler.go:1101.42,1102.41 1 0
github.com/fivetime/kubezoo-gateway/cmd/kubezoo/app/customresource_handler.go:1102.41,1103.12 1 0
github.com/fivetime/kubezoo-gateway/cmd/kubezoo/app/customresource_handler.go:1105.3,1106.43 2 0
github.com/fivetime/kubezoo-gateway/cmd/kubezoo/app/customresource_handler.go:1106.43,1108.4 1 0
github.com/fivetime/kubezoo-gateway/cmd/kubezoo/app/customresource_handler.go:1110.2,1110.26 1 0
github.com/fivetime/kubezoo-gateway/cmd/kubezoo/app/customresource_handler.go:1114.304,1115.38 1 0
github.com/fivetime/kubezoo-gateway/cmd/kubezoo/app/customresource_handler.go:1115.38,1117.35 2 0
github.com/fivetime/kubezoo-gateway/cmd/kubezoo/app/customresource_handler.go:1117.35,1118.12 1 0
github.com/fivetime/kubezoo-gateway/cmd/kubezoo/app/customresource_handler.go:1120.3,1128.17 5 0
github.com/fivetime/kubezoo-gateway/cmd/kubezoo/app/customresource_handler.go:1128.17,1131.4 2 0
github.com/fivetime/kubezoo-gateway/cmd/kubezoo/app/customresource_handler.go:1132.3,1132.56 1 0
github.com/fivetime/kubezoo-gateway/cmd/kubezoo/app/customresource_handler.go:1132.56,1139.18 2 0
github.com/fivetime/kubezoo-gateway/cmd/kubezoo/app/customresource_handler.go:1139.18,1141.5 1 0
github.com/fivetime/kubezoo-gateway/cmd/kubezoo/app/customresource_handler.go:1143.3,1143.38 1 0
github.com/fivetime/kubezoo-gateway/cmd/kubezoo/app/customresource_handler.go:1145.2,1145.26 1 0
github.com/fivetime/kubezoo-gateway/cmd/kubezoo/app/customresource_handler.go:1149.207,1160.16 2 0
github.com/fivetime/kubezoo-gateway/cmd/kubezoo/app/customresource_handler.go:1160.16,1162.3 1 0
github.com/fivetime/kubezoo-gateway/cmd/kubezoo/app/customresource_handler.go:1163.2,1164.22 2 0
github.com/fivetime/kubezoo-gateway/cmd/kubezoo/app/customresource_handler.go:1167.120,1169.13 2 0
github.com/fivetime/kubezoo-gateway/cmd/kubezoo/app/customresource_handler.go:1169.13,1171.3 1 0
github.com/fivetime/kubezoo-gateway/cmd/kubezoo/app/customresource_handler.go:1174.2,1176.16 3 0
github.com/fivetime/kubezoo-gateway/cmd/kubezoo/app/customresource_handler.go:1176.16,1178.3 1 0
github.com/fivetime/kubezoo-gateway/cmd/kubezoo/app/customresource_handler.go:1179.2,1179.50 1 0
github.com/fivetime/kubezoo-gateway/cmd/kubezoo/app/customresource_handler.go:1179.50,1181.3 1 0
github.com/fivetime/kubezoo-gateway/cmd/kubezoo/app/customresource_handler.go:1183.2,1186.17 4 0
github.com/fivetime/kubezoo-gateway/cmd/kubezoo/app/customresource_handler.go:1201.90,1203.2 1 0
github.com/fivetime/kubezoo-gateway/cmd/kubezoo/app/customresource_handler.go:1205.129,1207.2 1 0
github.com/fivetime/kubezoo-gateway/cmd/kubezoo/app/customresource_handler.go:1209.128,1216.2 2 0
github.com/fivetime/kubezoo-gateway/cmd/kubezoo/app/customresource_handler.go:1223.87,1228.2 1 0
github.com/fivetime/kubezoo-gateway/cmd/kubezoo/app/customresource_handler.go:1230.107,1232.46 1 0
github.com/fivetime/kubezoo-gateway/cmd/kubezoo/app/customresource_handler.go:1232.46,1234.3 1 0
github.com/fivetime/kubezoo-gateway/cmd/kubezoo/app/customresource_handler.go:1235.2,1235.45 1 0
github.com/fivetime/kubezoo-gateway/cmd/kubezoo/app/customresource_handler.go:1238.79,1240.2 1 0
github.com/fivetime/kubezoo-gateway/cmd/kubezoo/app/customresource_handler.go:1244.88,1248.2 3 0
github.com/fivetime/kubezoo-gateway/cmd/kubezoo/app/customresource_handler.go:1256.59,1259.85 2 0
github.com/fivetime/kubezoo-gateway/cmd/kubezoo/app/customresource_handler.go:1259.85,1262.3 2 0
github.com/fivetime/kubezoo-gateway/cmd/kubezoo/app/customresource_handler.go:1264.2,1264.122 1 0
github.com/fivetime/kubezoo-gateway/cmd/kubezoo/app/customresource_handler.go:1269.47,1270.15 1 0
github.com/fivetime/kubezoo-gateway/cmd/kubezoo/app/customresource_handler.go:1270.15,1272.3 1 0
github.com/fivetime/kubezoo-gateway/cmd/kubezoo/app/customresource_handler.go:1273.2,1274.29 2 0
github.com/fivetime/kubezoo-gateway/cmd/kubezoo/app/customresource_handler.go:1274.29,1276.3 1 0
github.com/fivetime/kubezoo-gateway/cmd/kubezoo/app/customresource_handler.go:1277.2,1277.12 1 0
github.com/fivetime/kubezoo-gateway/cmd/kubezoo/app/customresource_handler.go:1292.140,1295.16 2 0
github.com/fivetime/kubezoo-gateway/cmd/kubezoo/app/customresource_handler.go:1295.16,1324.3 3 0
github.com/fivetime/kubezoo-gateway/cmd/kubezoo/app/customresource_handler.go:1325.2,1325.17 1 0
github.com/fivetime/kubezoo-gateway/cmd/kubezoo/app/customresource_handler.go:1337.158,1340.16 3 0
github.com/fivetime/kubezoo-gateway/cmd/kubezoo/app/customresource_handler.go:1340.16,1342.24 2 0
github.com/fivetime/kubezoo-gateway/cmd/kubezoo/app/customresource_handler.go:1342.24,1344.4 1 0
github.com/fivetime/kubezoo-gateway/cmd/kubezoo/app/customresource_handler.go:1345.3,1345.48 1 0
github.com/fivetime/kubezoo-gateway/cmd/kubezoo/app/customresource_handler.go:1347.2,1348.51 2 0
github.com/fivetime/kubezoo-gateway/cmd/kubezoo/app/customresource_handler.go:1348.51,1350.17 2 0
github.com/fivetime/kubezoo-gateway/cmd/kubezoo/app/customresource_handler.go:1350.17,1352.4 1 0
github.com/fivetime/kubezoo-gateway/cmd/kubezoo/app/customresource_handler.go:1354.2,1354.100 1 0
github.com/fivetime/kubezoo-gateway/cmd/kubezoo/app/customresource_handler.go:1354.100,1355.46 1 0
github.com/fivetime/kubezoo-gateway/cmd/kubezoo/app/customresource_handler.go:1355.46,1357.4 1 0
github.com/fivetime/kubezoo-gateway/cmd/kubezoo/app/customresource_handler.go:1358.3,1358.70 1 0
github.com/fivetime/kubezoo-gateway/cmd/kubezoo/app/customresource_handler.go:1361.2,1361.22 1 0
github.com/fivetime/kubezoo-gateway/cmd/kubezoo/app/customresource_handler.go:1373.78,1374.61 1 0
github.com/fivetime/kubezoo-gateway/cmd/kubezoo/app/customresource_handler.go:1374.61,1376.3 1 0
github.com/fivetime/kubezoo-gateway/cmd/kubezoo/app/customresource_handler.go:1378.2,1378.51 1 0
github.com/fivetime/kubezoo-gateway/cmd/kubezoo/app/customresource_handler.go:1378.51,1379.49 1 0
github.com/fivetime/kubezoo-gateway/cmd/kubezoo/app/customresource_handler.go:1379.49,1381.4 1 0
github.com/fivetime/kubezoo-gateway/cmd/kubezoo/app/customresource_handler.go:1384.2,1384.12 1 0
github.com/fivetime/kubezoo-gateway/cmd/kubezoo/app/customresource_handler.go:1387.121,1389.16 2 0
github.com/fivetime/kubezoo-gateway/cmd/kubezoo/app/customresource_handler.go:1389.16,1391.3 1 0
github.com/fivetime/kubezoo-gateway/cmd/kubezoo/app/customresource_handler.go:1393.2,1393.51 1 0
github.com/fivetime/kubezoo-gateway/cmd/kubezoo/app/customresource_handler.go:1393.51,1394.49 1 0
github.com/fivetime/kubezoo-gateway/cmd/kubezoo/app/customresource_handler.go:1394.49,1396.4 1 0
github.com/fivetime/kubezoo-gateway/cmd/kubezoo/app/customresource_handler.go:1399.2,1399.17 1 0
github.com/fivetime/kubezoo-gateway/cmd/kubezoo/app/customresource_handler.go:1402.126,1404.2 1 0
github.com/fivetime/kubezoo-gateway/cmd/kubezoo/app/customresource_handler.go:1421.113,1424.16 2 0
github.com/fivetime/kubezoo-gateway/cmd/kubezoo/app/customresource_handler.go:1424.16,1426.3 1 0
github.com/fivetime/kubezoo-gateway/cmd/kubezoo/app/customresource_handler.go:1427.2,1428.16 2 0
github.com/fivetime/kubezoo-gateway/cmd/kubezoo/app/customresource_handler.go:1428.16,1430.3 1 0
github.com/fivetime/kubezoo-gateway/cmd/kubezoo/app/customresource_handler.go:1431.2,1435.16 2 0
github.com/fivetime/kubezoo-gateway/cmd/kubezoo/app/customresource_handler.go:1435.16,1437.3 1 0
github.com/fivetime/kubezoo-gateway/cmd/kubezoo/app/customresource_handler.go:1438.2,1442.16 3 0
github.com/fivetime/kubezoo-gateway/cmd/kubezoo/app/customresource_handler.go:1442.16,1444.3 1 0
github.com/fivetime/kubezoo-gateway/cmd/kubezoo/app/customresource_handler.go:1445.2,1445.81 1 0
github.com/fivetime/kubezoo-gateway/cmd/kubezoo/app/customresource_handler.go:1445.81,1446.31 1 0
github.com/fivetime/kubezoo-gateway/cmd/kubezoo/app/customresource_handler.go:1446.31,1449.33 2 0
github.com/fivetime/kubezoo-gateway/cmd/kubezoo/app/customresource_handler.go:1449.33,1451.5 1 0
github.com/fivetime/kubezoo-gateway/cmd/kubezoo/app/customresource_handler.go:1452.4,1453.104 2 0
github.com/fivetime/kubezoo-gateway/cmd/kubezoo/app/customresource_handler.go:1456.3,1460.17 2 0
github.com/fivetime/kubezoo-gateway/cmd/kubezoo/app/customresource_handler.go:1460.17,1462.4 1 0
github.com/fivetime/kubezoo-gateway/cmd/kubezoo/app/customresource_handler.go:1463.3,1466.55 2 0
github.com/fivetime/kubezoo-gateway/cmd/kubezoo/app/customresource_handler.go:1466.55,1468.4 1 0
github.com/fivetime/kubezoo-gateway/cmd/kubezoo/app/customresource_handler.go:1472.2,1472.15 1 0
github.com/fivetime/kubezoo-gateway/cmd/kubezoo/app/customresource_handler.go:1472.15,1474.3 1 0
github.com/fivetime/kubezoo-gateway/cmd/kubezoo/app/customresource_handler.go:1475.2,1475.21 1 0
github.com/fivetime/kubezoo-gateway/cmd/kubezoo/app/customresource_handler.go:1475.21,1477.3 1 0
github.com/fivetime/kubezoo-gateway/cmd/kubezoo/app/customresource_handler.go:1478.2,1478.21 1 0
github.com/fivetime/kubezoo-gateway/cmd/kubezoo/app/customresource_handler.go:1478.21,1479.78 1 0
github.com/fivetime/kubezoo-gateway/cmd/kubezoo/app/customresource_handler.go:1479.78,1481.4 1 0
github.com/fivetime/kubezoo-gateway/cmd/kubezoo/app/customresource_handler.go:1484.2,1484.31 1 0
github.com/fivetime/kubezoo-gateway/cmd/kubezoo/app/customresource_handler.go:1488.99,1489.34 1 0
github.com/fivetime/kubezoo-gateway/cmd/kubezoo/app/customresource_handler.go:1489.34,1490.24 1 0
github.com/fivetime/kubezoo-gateway/cmd/kubezoo/app/customresource_handler.go:1490.24,1492.4 1 0
github.com/fivetime/kubezoo-gateway/cmd/kubezoo/app/customresource_handler.go:1494.2,1494.14 1 0
github.com/fivetime/kubezoo-gateway/cmd/kubezoo/app/customresource_handler.go:1498.34,1500.34 2 0
github.com/fivetime/kubezoo-gateway/cmd/kubezoo/app/customresource_handler.go:1500.34,1502.3 1 0
github.com/fivetime/kubezoo-gateway/cmd/kubezoo/app/customresource_handler.go:1503.2,1503.50 1 0
github.com/fivetime/kubezoo-gateway/cmd/kubezoo/app/customresource_handler.go:1503.50,1505.3 1 0
github.com/fivetime/kubezoo-gateway/cmd/kubezoo/app/customresource_handler.go:1506.2,1506.12 1 0
github.com/fivetime/kubezoo-gateway/cmd/kubezoo/app/customresource_handler.go:1512.156,1513.30 1 0
github.com/fivetime/kubezoo-gateway/cmd/kubezoo/app/customresource_handler.go:1513.30,1515.3 1 0
github.com/fivetime/kubezoo-gateway/cmd/kubezoo/app/customresource_handler.go:1518.2,1532.38 3 0
github.com/fivetime/kubezoo-gateway/cmd/kubezoo/app/customresource_handler.go:1532.38,1536.17 2 0
github.com/fivetime/kubezoo-gateway/cmd/kubezoo/app/customresource_handler.go:1536.17,1538.4 1 0
github.com/fivetime/kubezoo-gateway/cmd/kubezoo/app/customresource_handler.go:1539.3,1539.27 1 0
github.com/fivetime/kubezoo-gateway/cmd/kubezoo/app/customresource_handler.go:1542.2,1543.16 2 0
github.com/fivetime/kubezoo-gateway/cmd/kubezoo/app/customresource_handler.go:1543.16,1545.3 1 0
github.com/fivetime/kubezoo-gateway/cmd/kubezoo/app/customresource_handler.go:1546.2,1546.46 1 0
github.com/fivetime/kubezoo-gateway/cmd/kubezoo/app/customresource_handler.go:1555.77,1556.35 1 0
github.com/fivetime/kubezoo-gateway/cmd/kubezoo/app/customresource_handler.go:1556.35,1558.3 1 0
github.com/fivetime/kubezoo-gateway/cmd/kubezoo/app/customresource_handler.go:1559.2,1559.38 1 0
github.com/fivetime/kubezoo-gateway/cmd/kubezoo/app/customresource_handler.go:1562.120,1563.42 1 0
github.com/fivetime/kubezoo-gateway/cmd/kubezoo/app/customresource_handler.go:1563.42,1565.3 1 0
github.com/fivetime/kubezoo-gateway/cmd/kubezoo/app/customresource_handler.go:1566.2,1566.66 1 0
github.com/fivetime/kubezoo-gateway/cmd/kubezoo/app/customresource_handler.go:1566.66,1568.3 1 0
github.com/fivetime/kubezoo-gateway/cmd/kubezoo/app/customresource_handler.go:1569.2,1569.12 1 0
github.com/fivetime/kubezoo-gateway/cmd/kubezoo/app/customresource_handler.go:1572.123,1573.42 1 0
github.com/fivetime/kubezoo-gateway/cmd/kubezoo/app/customresource_handler.go:1573.42,1575.3 1 0
github.com/fivetime/kubezoo-gateway/cmd/kubezoo/app/customresource_handler.go:1576.2,1576.68 1 0
github.com/fivetime/kubezoo-gateway/cmd/kubezoo/app/customresource_handler.go:1576.68,1578.3 1 0
github.com/fivetime/kubezoo-gateway/cmd/kubezoo/app/customresource_handler.go:1579.2,1579.12 1 0
github.com/fivetime/kubezoo-gateway/cmd/kubezoo/app/customresource_handler.go:1583.153,1584.38 1 0
github.com/fivetime/kubezoo-gateway/cmd/kubezoo/app/customresource_handler.go:1584.38,1585.24 1 0
github.com/fivetime/kubezoo-gateway/cmd/kubezoo/app/customresource_handler.go:1585.24,1586.12 1 0
github.com/fivetime/kubezoo-gateway/cmd/kubezoo/app/customresource_handler.go:1588.3,1589.59 2 0
github.com/fivetime/kubezoo-gateway/cmd/kubezoo/app/customresource_handler.go:1589.59,1590.51 1 0
github.com/fivetime/kubezoo-gateway/cmd/kubezoo/app/customresource_handler.go:1590.51,1597.5 1 0
github.com/fivetime/kubezoo-gateway/cmd/kubezoo/app/customresource_handler.go:1598.4,1598.53 1 0
github.com/fivetime/kubezoo-gateway/cmd/kubezoo/app/customresource_handler.go:1598.53,1605.5 1 0
github.com/fivetime/kubezoo-gateway/cmd/kubezoo/app/customresource_handler.go:1607.3,1613.19 2 0
github.com/fivetime/kubezoo-gateway/cmd/kubezoo/app/customresource_handler.go:1615.2,1615.115 1 0
github.com/fivetime/kubezoo-gateway/cmd/kubezoo/app/customresource_handler.go:1618.115,1622.33 3 0
github.com/fivetime/kubezoo-gateway/cmd/kubezoo/app/customresource_handler.go:1622.33,1623.105 1 0
github.com/fivetime/kubezoo-gateway/cmd/kubezoo/app/customresource_handler.go:1623.105,1625.4 1 0
github.com/fivetime/kubezoo-gateway/cmd/kubezoo/app/customresource_handler.go:1627.2,1627.43 1 0
github.com/fivetime/kubezoo-gateway/cmd/kubezoo/app/customresource_handler.go:1627.43,1629.3 1 0
github.com/fivetime/kubezoo-gateway/cmd/kubezoo/app/customresource_handler.go:1630.2,1630.62 1 0
github.com/fivetime/kubezoo-gateway/cmd/kubezoo/app/customresource_handler.go:1630.62,1632.3 1 0
github.com/fivetime/kubezoo-gateway/cmd/kubezoo/app/customresource_handler.go:1633.2,1634.12 2 0
github.com/fivetime/kubezoo-gateway/cmd/kubezoo/app/helpers.go:32.148,33.38 1 0
github.com/fivetime/kubezoo-gateway/cmd/kubezoo/app/helpers.go:33.38,34.24 1 0
github.com/fivetime/kubezoo-gateway/cmd/kubezoo/app/helpers.go:34.24,36.4 1 0
github.com/fivetime/kubezoo-gateway/cmd/kubezoo/app/helpers.go:38.2,38.115 1 0
github.com/fivetime/kubezoo-gateway/cmd/kubezoo/app/helpers.go:45.140,46.22 1 0
github.com/fivetime/kubezoo-gateway/cmd/kubezoo/app/helpers.go:46.22,48.3 1 0
github.com/fivetime/kubezoo-gateway/cmd/kubezoo/app/helpers.go:49.2,51.3 1 0
github.com/fivetime/kubezoo-gateway/cmd/kubezoo/app/server.go:114.43,122.55 2 0
github.com/fivetime/kubezoo-gateway/cmd/kubezoo/app/server.go:122.55,128.18 4 0
github.com/fivetime/kubezoo-gateway/cmd/kubezoo/app/server.go:128.18,130.5 1 0
github.com/fivetime/kubezoo-gateway/cmd/kubezoo/app/server.go:133.4,133.59 1 0
github.com/fivetime/kubezoo-gateway/cmd/kubezoo/app/server.go:133.59,135.5 1 0
github.com/fivetime/kubezoo-gateway/cmd/kubezoo/app/server.go:137.4,137.71 1 0
github.com/fivetime/kubezoo-gateway/cmd/kubezoo/app/server.go:141.2,151.43 5 0
github.com/fivetime/kubezoo-gateway/cmd/kubezoo/app/server.go:151.43,153.3 1 0
github.com/fivetime/kubezoo-gateway/cmd/kubezoo/app/server.go:155.2,157.50 3 0
github.com/fivetime/kubezoo-gateway/cmd/kubezoo/app/server.go:157.50,161.3 3 0
github.com/fivetime/kubezoo-gateway/cmd/kubezoo/app/server.go:162.2,162.58 1 0
github.com/fivetime/kubezoo-gateway/cmd/kubezoo/app/server.go:162.58,165.3 2 0
github.com/fivetime/kubezoo-gateway/cmd/kubezoo/app/server.go:167.2,167.12 1 0
github.com/fivetime/kubezoo-gateway/cmd/kubezoo/app/server.go:178.105,180.65 2 0
github.com/fivetime/kubezoo-gateway/cmd/kubezoo/app/server.go:180.65,182.3 1 0
github.com/fivetime/kubezoo-gateway/cmd/kubezoo/app/server.go:183.2,183.13 1 0
github.com/fivetime/kubezoo-gateway/cmd/kubezoo/app/server.go:192.64,209.50 5 0
github.com/fivetime/kubezoo-gateway/cmd/kubezoo/app/server.go:209.50,210.50 1 0
github.com/fivetime/kubezoo-gateway/cmd/kubezoo/app/server.go:210.50,211.37 1 0
github.com/fivetime/kubezoo-gateway/cmd/kubezoo/app/server.go:211.37,212.67 1 0
github.com/fivetime/kubezoo-gateway/cmd/kubezoo/app/server.go:212.67,213.14 1 0
github.com/fivetime/kubezoo-gateway/cmd/kubezoo/app/server.go:215.5,216.19 2 0
github.com/fivetime/kubezoo-gateway/cmd/kubezoo/app/server.go:216.19,217.14 1 0
github.com/fivetime/kubezoo-gateway/cmd/kubezoo/app/server.go:219.5,220.19 2 0
github.com/fivetime/kubezoo-gateway/cmd/kubezoo/app/server.go:220.19,221.14 1 0
github.com/fivetime/kubezoo-gateway/cmd/kubezoo/app/server.go:223.5,224.32 2 0
github.com/fivetime/kubezoo-gateway/cmd/kubezoo/app/server.go:228.2,229.33 2 0
github.com/fivetime/kubezoo-gateway/cmd/kubezoo/app/server.go:229.33,231.3 1 0
github.com/fivetime/kubezoo-gateway/cmd/kubezoo/app/server.go:233.2,234.16 2 0
github.com/fivetime/kubezoo-gateway/cmd/kubezoo/app/server.go:234.16,236.3 1 0
github.com/fivetime/kubezoo-gateway/cmd/kubezoo/app/server.go:237.2,237.55 1 0
github.com/fivetime/kubezoo-gateway/cmd/kubezoo/app/server.go:241.83,246.16 3 0
github.com/fivetime/kubezoo-gateway/cmd/kubezoo/app/server.go:246.16,248.3 1 0
github.com/fivetime/kubezoo-gateway/cmd/kubezoo/app/server.go:250.2,252.29 2 0
github.com/fivetime/kubezoo-gateway/cmd/kubezoo/app/server.go:256.118,258.16 2 0
github.com/fivetime/kubezoo-gateway/cmd/kubezoo/app/server.go:258.16,260.3 1 0
github.com/fivetime/kubezoo-gateway/cmd/kubezoo/app/server.go:263.2,266.16 2 0
github.com/fivetime/kubezoo-gateway/cmd/kubezoo/app/server.go:266.16,268.3 1 0
github.com/fivetime/kubezoo-gateway/cmd/kubezoo/app/server.go:269.2,270.16 2 0
github.com/fivetime/kubezoo-gateway/cmd/kubezoo/app/server.go:270.16,272.3 1 0
github.com/fivetime/kubezoo-gateway/cmd/kubezoo/app/server.go:274.2,275.16 2 0
github.com/fivetime/kubezoo-gateway/cmd/kubezoo/app/server.go:275.16,277.3 1 0
github.com/fivetime/kubezoo-gateway/cmd/kubezoo/app/server.go:278.2,278.27 1 0
github.com/fivetime/kubezoo-gateway/cmd/kubezoo/app/server.go:286.47,288.16 2 0
github.com/fivetime/kubezoo-gateway/cmd/kubezoo/app/server.go:288.16,290.3 1 0
github.com/fivetime/kubezoo-gateway/cmd/kubezoo/app/server.go:292.2,294.68 3 0
github.com/fivetime/kubezoo-gateway/cmd/kubezoo/app/server.go:294.68,297.3 2 0
github.com/fivetime/kubezoo-gateway/cmd/kubezoo/app/server.go:298.2,300.16 2 0
github.com/fivetime/kubezoo-gateway/cmd/kubezoo/app/server.go:300.16,303.3 1 0
github.com/fivetime/kubezoo-gateway/cmd/kubezoo/app/server.go:304.2,306.93 2 0
github.com/fivetime/kubezoo-gateway/cmd/kubezoo/app/server.go:306.93,308.17 2 0
github.com/fivetime/kubezoo-gateway/cmd/kubezoo/app/server.go:308.17,310.4 1 0
github.com/fivetime/kubezoo-gateway/cmd/kubezoo/app/server.go:311.3,311.68 1 0
github.com/fivetime/kubezoo-gateway/cmd/kubezoo/app/server.go:314.2,315.71 1 0
github.com/fivetime/kubezoo-gateway/cmd/kubezoo/app/server.go:315.71,317.3 1 0
github.com/fivetime/kubezoo-gateway/cmd/kubezoo/app/server.go:318.2,318.12 1 0
github.com/fivetime/kubezoo-gateway/cmd/kubezoo/app/server.go:325.68,330.16 4 0
github.com/fivetime/kubezoo-gateway/cmd/kubezoo/app/server.go:330.16,332.3 1 0
github.com/fivetime/kubezoo-gateway/cmd/kubezoo/app/server.go:334.2,334.38 1 0
github.com/fivetime/kubezoo-gateway/cmd/kubezoo/app/server.go:334.38,336.3 1 0
github.com/fivetime/kubezoo-gateway/cmd/kubezoo/app/server.go:337.2,351.74 3 0
github.com/fivetime/kubezoo-gateway/cmd/kubezoo/app/server.go:351.74,353.3 1 0
github.com/fivetime/kubezoo-gateway/cmd/kubezoo/app/server.go:355.2,355.33 1 0
github.com/fivetime/kubezoo-gateway/cmd/kubezoo/app/server.go:355.33,357.3 1 0
github.com/fivetime/kubezoo-gateway/cmd/kubezoo/app/server.go:358.2,359.16 2 0
github.com/fivetime/kubezoo-gateway/cmd/kubezoo/app/server.go:359.16,361.3 1 0
github.com/fivetime/kubezoo-gateway/cmd/kubezoo/app/server.go:363.2,365.65 2 0
github.com/fivetime/kubezoo-gateway/cmd/kubezoo/app/server.go:365.65,367.3 1 0
github.com/fivetime/kubezoo-gateway/cmd/kubezoo/app/server.go:378.2,378.140 1 0
github.com/fivetime/kubezoo-gateway/cmd/kubezoo/app/server.go:378.140,379.81 1 0
github.com/fivetime/kubezoo-gateway/cmd/kubezoo/app/server.go:379.81,381.4 1 0
github.com/fivetime/kubezoo-gateway/cmd/kubezoo/app/server.go:384.2,384.15 1 0
github.com/fivetime/kubezoo-gateway/cmd/kubezoo/app/server.go:397.3,399.16 2 0
github.com/fivetime/kubezoo-gateway/cmd/kubezoo/app/server.go:399.16,401.3 1 0
github.com/fivetime/kubezoo-gateway/cmd/kubezoo/app/server.go:403.2,405.33 3 0
github.com/fivetime/kubezoo-gateway/cmd/kubezoo/app/server.go:405.33,407.3 1 0
github.com/fivetime/kubezoo-gateway/cmd/kubezoo/app/server.go:409.2,409.98 1 0
github.com/fivetime/kubezoo-gateway/cmd/kubezoo/app/server.go:409.98,411.134 2 0
github.com/fivetime/kubezoo-gateway/cmd/kubezoo/app/server.go:411.134,413.4 1 0
github.com/fivetime/kubezoo-gateway/cmd/kubezoo/app/server.go:417.2,427.44 2 0
github.com/fivetime/kubezoo-gateway/cmd/kubezoo/app/server.go:427.44,429.3 1 0
github.com/fivetime/kubezoo-gateway/cmd/kubezoo/app/server.go:431.2,432.16 2 0
github.com/fivetime/kubezoo-gateway/cmd/kubezoo/app/server.go:432.16,434.3 1 0
github.com/fivetime/kubezoo-gateway/cmd/kubezoo/app/server.go:437.2,439.48 2 0
github.com/fivetime/kubezoo-gateway/cmd/kubezoo/app/server.go:439.48,441.17 2 0
github.com/fivetime/kubezoo-gateway/cmd/kubezoo/app/server.go:441.17,443.4 1 0
github.com/fivetime/kubezoo-gateway/cmd/kubezoo/app/server.go:446.2,476.16 3 0
github.com/fivetime/kubezoo-gateway/cmd/kubezoo/app/server.go:476.16,478.3 1 0
github.com/fivetime/kubezoo-gateway/cmd/kubezoo/app/server.go:479.2,482.16 3 0
github.com/fivetime/kubezoo-gateway/cmd/kubezoo/app/server.go:482.16,484.3 1 0
github.com/fivetime/kubezoo-gateway/cmd/kubezoo/app/server.go:485.2,485.32 1 0
github.com/fivetime/kubezoo-gateway/cmd/kubezoo/app/server.go:485.32,491.3 5 0
github.com/fivetime/kubezoo-gateway/cmd/kubezoo/app/server.go:494.2,495.62 2 0
github.com/fivetime/kubezoo-gateway/cmd/kubezoo/app/server.go:495.62,497.17 2 0
github.com/fivetime/kubezoo-gateway/cmd/kubezoo/app/server.go:497.17,499.4 1 0
github.com/fivetime/kubezoo-gateway/cmd/kubezoo/app/server.go:500.3,500.37 1 0
github.com/fivetime/kubezoo-gateway/cmd/kubezoo/app/server.go:503.2,506.16 4 0
github.com/fivetime/kubezoo-gateway/cmd/kubezoo/app/server.go:506.16,508.3 1 0
github.com/fivetime/kubezoo-gateway/cmd/kubezoo/app/server.go:509.2,511.91 2 0
github.com/fivetime/kubezoo-gateway/cmd/kubezoo/app/server.go:519.84,521.16 2 0
github.com/fivetime/kubezoo-gateway/cmd/kubezoo/app/server.go:521.16,523.3 1 0
github.com/fivetime/kubezoo-gateway/cmd/kubezoo/app/server.go:524.2,528.8 2 0
github.com/fivetime/kubezoo-gateway/cmd/kubezoo/app/server.go:555.69,556.44 1 0
github.com/fivetime/kubezoo-gateway/cmd/kubezoo/app/server.go:556.44,557.55 1 0
github.com/fivetime/kubezoo-gateway/cmd/kubezoo/app/server.go:557.55,559.4 1 0
github.com/fivetime/kubezoo-gateway/cmd/kubezoo/app/server.go:563.71,568.29 5 0
github.com/fivetime/kubezoo-gateway/cmd/kubezoo/app/server.go:568.29,570.3 1 0
github.com/fivetime/kubezoo-gateway/cmd/kubezoo/app/server.go:570.8,572.3 1 0
github.com/fivetime/kubezoo-gateway/cmd/kubezoo/app/server.go:575.70,577.16 2 0
github.com/fivetime/kubezoo-gateway/cmd/kubezoo/app/server.go:577.16,579.3 1 0
github.com/fivetime/kubezoo-gateway/cmd/kubezoo/app/server.go:580.2,586.16 7 0
github.com/fivetime/kubezoo-gateway/cmd/kubezoo/app/server.go:586.16,588.3 1 0
github.com/fivetime/kubezoo-gateway/cmd/kubezoo/app/server.go:589.2,590.16 2 0
github.com/fivetime/kubezoo-gateway/cmd/kubezoo/app/server.go:590.16,592.3 1 0
github.com/fivetime/kubezoo-gateway/cmd/kubezoo/app/server.go:593.2,594.16 2 0
github.com/fivetime/kubezoo-gateway/cmd/kubezoo/app/server.go:594.16,596.3 1 0
github.com/fivetime/kubezoo-gateway/cmd/kubezoo/app/server.go:597.2,598.16 2 0
github.com/fivetime/kubezoo-gateway/cmd/kubezoo/app/server.go:598.16,600.3 1 0
github.com/fivetime/kubezoo-gateway/cmd/kubezoo/app/server.go:602.2,607.16 5 0
github.com/fivetime/kubezoo-gateway/cmd/kubezoo/app/server.go:607.16,608.57 1 0
github.com/fivetime/kubezoo-gateway/cmd/kubezoo/app/server.go:608.57,610.48 2 0
github.com/fivetime/kubezoo-gateway/cmd/kubezoo/app/server.go:610.48,613.20 3 0
github.com/fivetime/kubezoo-gateway/cmd/kubezoo/app/server.go:613.20,616.6 2 0
github.com/fivetime/kubezoo-gateway/cmd/kubezoo/app/server.go:617.5,617.10 1 0
github.com/fivetime/kubezoo-gateway/cmd/kubezoo/app/server.go:620.3,620.32 1 0
github.com/fivetime/kubezoo-gateway/cmd/kubezoo/app/server.go:620.32,622.4 1 0
github.com/fivetime/kubezoo-gateway/cmd/kubezoo/app/server.go:623.8,623.35 1 0
github.com/fivetime/kubezoo-gateway/cmd/kubezoo/app/server.go:623.35,625.3 1 0
github.com/fivetime/kubezoo-gateway/cmd/kubezoo/app/server.go:625.8,628.3 2 0
github.com/fivetime/kubezoo-gateway/cmd/kubezoo/app/server.go:630.2,631.122 2 0
github.com/fivetime/kubezoo-gateway/cmd/kubezoo/app/server.go:631.122,633.3 1 0
github.com/fivetime/kubezoo-gateway/cmd/kubezoo/app/server.go:634.2,638.16 3 0
github.com/fivetime/kubezoo-gateway/cmd/kubezoo/app/server.go:638.16,640.3 1 0
github.com/fivetime/kubezoo-gateway/cmd/kubezoo/app/server.go:641.2,642.36 2 0
github.com/fivetime/kubezoo-gateway/cmd/kubezoo/app/server.go:642.36,644.43 1 0
github.com/fivetime/kubezoo-gateway/cmd/kubezoo/app/server.go:644.43,646.4 1 0
github.com/fivetime/kubezoo-gateway/cmd/kubezoo/app/server.go:648.2,649.16 2 0
github.com/fivetime/kubezoo-gateway/cmd/kubezoo/app/server.go:649.16,651.3 1 0
github.com/fivetime/kubezoo-gateway/cmd/kubezoo/app/server.go:653.2,654.16 2 0
github.com/fivetime/kubezoo-gateway/cmd/kubezoo/app/server.go:654.16,656.3 1 0
github.com/fivetime/kubezoo-gateway/cmd/kubezoo/app/server.go:658.2,674.8 1 0
github.com/fivetime/kubezoo-gateway/cmd/kubezoo/app/server.go:678.47,679.26 1 0
github.com/fivetime/kubezoo-gateway/cmd/kubezoo/app/server.go:679.26,681.3 1 0
github.com/fivetime/kubezoo-gateway/cmd/kubezoo/app/server.go:682.2,682.35 1 0
github.com/fivetime/kubezoo-gateway/cmd/kubezoo/app/server.go:682.35,683.26 1 0
github.com/fivetime/kubezoo-gateway/cmd/kubezoo/app/server.go:683.26,685.4 1 0
github.com/fivetime/kubezoo-gateway/cmd/kubezoo/app/server.go:687.2,687.14 1 0
github.com/fivetime/kubezoo-gateway/cmd/kubezoo/app/server.go:702.3,708.20 4 0
github.com/fivetime/kubezoo-gateway/cmd/kubezoo/app/server.go:708.20,710.3 1 0
github.com/fivetime/kubezoo-gateway/cmd/kubezoo/app/server.go:712.2,718.20 3 0
github.com/fivetime/kubezoo-gateway/cmd/kubezoo/app/server.go:718.20,720.3 1 0
github.com/fivetime/kubezoo-gateway/cmd/kubezoo/app/server.go:721.2,721.80 1 0
github.com/fivetime/kubezoo-gateway/cmd/kubezoo/app/server.go:721.80,723.3 1 0
github.com/fivetime/kubezoo-gateway/cmd/kubezoo/app/server.go:725.2,725.122 1 0
github.com/fivetime/kubezoo-gateway/cmd/kubezoo/app/server.go:725.122,727.3 1 0
github.com/fivetime/kubezoo-gateway/cmd/kubezoo/app/server.go:735.2,736.75 2 0
github.com/fivetime/kubezoo-gateway/cmd/kubezoo/app/server.go:736.75,738.3 1 0
github.com/fivetime/kubezoo-gateway/cmd/kubezoo/app/server.go:739.2,739.132 1 0
github.com/fivetime/kubezoo-gateway/cmd/kubezoo/app/server.go:739.132,741.3 1 0
github.com/fivetime/kubezoo-gateway/cmd/kubezoo/app/server.go:743.2,744.71 2 0
github.com/fivetime/kubezoo-gateway/cmd/kubezoo/app/server.go:744.71,746.3 1 0
github.com/fivetime/kubezoo-gateway/cmd/kubezoo/app/server.go:748.2,769.20 10 0
github.com/fivetime/kubezoo-gateway/cmd/kubezoo/app/server.go:769.20,771.3 1 0
github.com/fivetime/kubezoo-gateway/cmd/kubezoo/app/server.go:773.2,773.41 1 0
github.com/fivetime/kubezoo-gateway/cmd/kubezoo/app/server.go:773.41,775.3 1 0
github.com/fivetime/kubezoo-gateway/cmd/kubezoo/app/server.go:776.2,776.95 1 0
github.com/fivetime/kubezoo-gateway/cmd/kubezoo/app/server.go:776.95,778.3 1 0
github.com/fivetime/kubezoo-gateway/cmd/kubezoo/app/server.go:784.2,790.20 4 0
github.com/fivetime/kubezoo-gateway/cmd/kubezoo/app/server.go:790.20,792.3 1 0
github.com/fivetime/kubezoo-gateway/cmd/kubezoo/app/server.go:798.2,805.80 2 0
github.com/fivetime/kubezoo-gateway/cmd/kubezoo/app/server.go:805.80,807.3 1 0
github.com/fivetime/kubezoo-gateway/cmd/kubezoo/app/server.go:809.2,810.39 2 0
github.com/fivetime/kubezoo-gateway/cmd/kubezoo/app/server.go:810.39,817.3 2 0
github.com/fivetime/kubezoo-gateway/cmd/kubezoo/app/server.go:823.2,824.16 2 0
github.com/fivetime/kubezoo-gateway/cmd/kubezoo/app/server.go:824.16,827.3 2 0
github.com/fivetime/kubezoo-gateway/cmd/kubezoo/app/server.go:828.2,828.32 1 0
github.com/fivetime/kubezoo-gateway/cmd/kubezoo/app/server.go:828.32,831.17 3 0
github.com/fivetime/kubezoo-gateway/cmd/kubezoo/app/server.go:831.17,834.4 2 0
github.com/fivetime/kubezoo-gateway/cmd/kubezoo/app/server.go:836.2,836.8 1 0
github.com/fivetime/kubezoo-gateway/cmd/kubezoo/app/server.go:840.75,842.16 2 0
github.com/fivetime/kubezoo-gateway/cmd/kubezoo/app/server.go:842.16,844.3 1 0
github.com/fivetime/kubezoo-gateway/cmd/kubezoo/app/server.go:856.2,856.27 1 0
github.com/fivetime/kubezoo-gateway/cmd/kubezoo/app/server.go:856.27,859.3 2 0
github.com/fivetime/kubezoo-gateway/cmd/kubezoo/app/server.go:861.2,864.56 3 0
github.com/fivetime/kubezoo-gateway/cmd/kubezoo/app/server.go:864.56,865.109 1 0
github.com/fivetime/kubezoo-gateway/cmd/kubezoo/app/server.go:865.109,867.4 1 0
github.com/fivetime/kubezoo-gateway/cmd/kubezoo/app/server.go:869.2,869.120 1 0
github.com/fivetime/kubezoo-gateway/cmd/kubezoo/app/server.go:869.120,870.123 1 0
github.com/fivetime/kubezoo-gateway/cmd/kubezoo/app/server.go:870.123,872.4 1 0
github.com/fivetime/kubezoo-gateway/cmd/kubezoo/app/server.go:875.2,876.134 2 0
github.com/fivetime/kubezoo-gateway/cmd/kubezoo/app/server.go:876.134,878.3 1 0
github.com/fivetime/kubezoo-gateway/cmd/kubezoo/app/server.go:882.2,888.12 3 0
github.com/fivetime/kubezoo-gateway/cmd/kubezoo/app/server.go:898.79,901.112 2 0
github.com/fivetime/kubezoo-gateway/cmd/kubezoo/app/server.go:901.112,903.3 1 0
github.com/fivetime/kubezoo-gateway/cmd/kubezoo/app/server.go:904.2,904.112 1 0
github.com/fivetime/kubezoo-gateway/cmd/kubezoo/app/server.go:904.112,906.3 1 0
github.com/fivetime/kubezoo-gateway/cmd/kubezoo/app/server.go:910.2,911.16 2 0
github.com/fivetime/kubezoo-gateway/cmd/kubezoo/app/server.go:911.16,913.3 1 0
github.com/fivetime/kubezoo-gateway/cmd/kubezoo/app/server.go:914.2,917.227 3 0
github.com/fivetime/kubezoo-gateway/cmd/kubezoo/app/server.go:917.227,919.3 1 0
github.com/fivetime/kubezoo-gateway/cmd/kubezoo/app/server.go:921.2,921.54 1 0
github.com/fivetime/kubezoo-gateway/cmd/kubezoo/app/server.go:921.54,922.58 1 0
github.com/fivetime/kubezoo-gateway/cmd/kubezoo/app/server.go:922.58,924.4 1 0
github.com/fivetime/kubezoo-gateway/cmd/kubezoo/app/server.go:924.9,925.50 1 0
github.com/fivetime/kubezoo-gateway/cmd/kubezoo/app/server.go:925.50,927.5 1 0
github.com/fivetime/kubezoo-gateway/cmd/kubezoo/app/server.go:927.10,929.5 1 0
github.com/fivetime/kubezoo-gateway/cmd/kubezoo/app/server.go:931.3,931.98 1 0
github.com/fivetime/kubezoo-gateway/cmd/kubezoo/app/server.go:934.2,941.42 2 0
github.com/fivetime/kubezoo-gateway/cmd/kubezoo/app/server.go:941.42,943.110 1 0
github.com/fivetime/kubezoo-gateway/cmd/kubezoo/app/server.go:943.110,946.106 1 0
github.com/fivetime/kubezoo-gateway/cmd/kubezoo/app/server.go:946.106,948.5 1 0
github.com/fivetime/kubezoo-gateway/cmd/kubezoo/app/server.go:948.10,950.5 1 0
github.com/fivetime/kubezoo-gateway/cmd/kubezoo/app/server.go:954.2,955.53 1 0
github.com/fivetime/kubezoo-gateway/cmd/kubezoo/app/server.go:955.53,957.17 2 0
github.com/fivetime/kubezoo-gateway/cmd/kubezoo/app/server.go:957.17,959.4 1 0
github.com/fivetime/kubezoo-gateway/cmd/kubezoo/app/server.go:960.3,960.58 1 0
github.com/fivetime/kubezoo-gateway/cmd/kubezoo/app/server.go:960.58,964.62 3 0
github.com/fivetime/kubezoo-gateway/cmd/kubezoo/app/server.go:964.62,966.5 1 0
github.com/fivetime/kubezoo-gateway/cmd/kubezoo/app/server.go:969.3,970.17 2 0
github.com/fivetime/kubezoo-gateway/cmd/kubezoo/app/server.go:970.17,972.4 1 0
github.com/fivetime/kubezoo-gateway/cmd/kubezoo/app/server.go:973.3,973.86 1 0
github.com/fivetime/kubezoo-gateway/cmd/kubezoo/app/server.go:976.2,976.29 1 0
github.com/fivetime/kubezoo-gateway/cmd/kubezoo/app/server.go:976.29,978.99 2 0
github.com/fivetime/kubezoo-gateway/cmd/kubezoo/app/server.go:978.99,979.46 1 0
github.com/fivetime/kubezoo-gateway/cmd/kubezoo/app/server.go:979.46,981.5 1 0
github.com/fivetime/kubezoo-gateway/cmd/kubezoo/app/server.go:983.3,984.17 2 0
github.com/fivetime/kubezoo-gateway/cmd/kubezoo/app/server.go:984.17,986.4 1 0
github.com/fivetime/kubezoo-gateway/cmd/kubezoo/app/server.go:989.2,989.42 1 0
github.com/fivetime/kubezoo-gateway/cmd/kubezoo/app/server.go:989.42,990.57 1 0
github.com/fivetime/kubezoo-gateway/cmd/kubezoo/app/server.go:990.57,992.58 1 0
github.com/fivetime/kubezoo-gateway/cmd/kubezoo/app/server.go:992.58,995.5 2 0
github.com/fivetime/kubezoo-gateway/cmd/kubezoo/app/server.go:996.4,996.27 1 0
github.com/fivetime/kubezoo-gateway/cmd/kubezoo/app/server.go:996.27,998.5 1 0
github.com/fivetime/kubezoo-gateway/cmd/kubezoo/app/server.go:1001.2,1005.21 3 0
github.com/fivetime/kubezoo-gateway/cmd/kubezoo/app/server.go:1017.97,1019.34 2 0
github.com/fivetime/kubezoo-gateway/cmd/kubezoo/app/server.go:1019.34,1021.3 1 0
github.com/fivetime/kubezoo-gateway/cmd/kubezoo/app/server.go:1023.2,1028.41 5 0
github.com/fivetime/kubezoo-gateway/cmd/kubezoo/app/server.go:1028.41,1031.17 3 0
github.com/fivetime/kubezoo-gateway/cmd/kubezoo/app/server.go:1031.17,1033.4 1 0
github.com/fivetime/kubezoo-gateway/cmd/kubezoo/app/server.go:1034.3,1034.69 1 0
github.com/fivetime/kubezoo-gateway/cmd/kubezoo/app/server.go:1037.2,1037.40 1 0
github.com/fivetime/kubezoo-gateway/cmd/kubezoo/app/server.go:1037.40,1039.17 2 0
github.com/fivetime/kubezoo-gateway/cmd/kubezoo/app/server.go:1039.17,1041.4 1 0
github.com/fivetime/kubezoo-gateway/cmd/kubezoo/app/server.go:1043.3,1044.17 2 0
github.com/fivetime/kubezoo-gateway/cmd/kubezoo/app/server.go:1044.17,1046.4 1 0
github.com/fivetime/kubezoo-gateway/cmd/kubezoo/app/server.go:1051.2,1051.40 1 0
github.com/fivetime/kubezoo-gateway/cmd/kubezoo/app/server.go:1051.40,1053.17 2 0
github.com/fivetime/kubezoo-gateway/cmd/kubezoo/app/server.go:1053.17,1055.4 1 0
github.com/fivetime/kubezoo-gateway/cmd/kubezoo/app/server.go:1056.3,1056.57 1 0
github.com/fivetime/kubezoo-gateway/cmd/kubezoo/app/server.go:1058.2,1058.80 1 0
github.com/fivetime/kubezoo-gateway/cmd/kubezoo/app/server.go:1062.107,1063.86 1 0
github.com/fivetime/kubezoo-gateway/cmd/kubezoo/app/server.go:1063.86,1093.84 13 0
github.com/fivetime/kubezoo-gateway/cmd/kubezoo/app/server.go:1093.84,1095.4 1 0
github.com/fivetime/kubezoo-gateway/cmd/kubezoo/app/server.go:1096.3,1098.17 3 0
github.com/fivetime/kubezoo-gateway/cmd/kubezoo/app/server.go:1102.130,1103.43 1 0
github.com/fivetime/kubezoo-gateway/cmd/kubezoo/app/server.go:1103.43,1105.3 1 0
github.com/fivetime/kubezoo-gateway/cmd/kubezoo/app/server.go:1107.2,1115.33 5 0
github.com/fivetime/kubezoo-gateway/cmd/kubezoo/app/server.go:1115.33,1116.87 1 0
github.com/fivetime/kubezoo-gateway/cmd/kubezoo/app/server.go:1116.87,1117.97 1 0
github.com/fivetime/kubezoo-gateway/cmd/kubezoo/app/server.go:1117.97,1120.5 2 0
github.com/fivetime/kubezoo-gateway/cmd/kubezoo/app/server.go:1124.2,1126.14 1 0
github.com/fivetime/kubezoo-gateway/cmd/kubezoo/app/tokengetter.go:59.99,61.2 1 0
github.com/fivetime/kubezoo-gateway/cmd/kubezoo/app/tokengetter.go:63.126,65.2 1 0
github.com/fivetime/kubezoo-gateway/cmd/kubezoo/app/tokengetter.go:67.104,69.2 1 0
github.com/fivetime/kubezoo-gateway/cmd/kubezoo/app/tokengetter.go:71.110,73.2 1 0
github.com/fivetime/kubezoo-gateway/cmd/kubezoo/app/tokengetter.go:75.95,77.2 1 0
github.com/fivetime/kubezoo-gateway/cmd/kubezoo/app/tokengetter.go:79.164,81.2 1 0
github.com/fivetime/kubezoo-gateway/cmd/kubezoo/app/tokengetter.go:83.160,85.2 1 0
github.com/fivetime/kubezoo-gateway/pkg/clusterresourcequota/controllers/clusterresourcequota_controller.go:61.83,71.16 2 0
github.com/fivetime/kubezoo-gateway/pkg/clusterresourcequota/controllers/clusterresourcequota_controller.go:71.16,73.3 1 0
github.com/fivetime/kubezoo-gateway/pkg/clusterresourcequota/controllers/clusterresourcequota_controller.go:75.2,77.16 3 0
github.com/fivetime/kubezoo-gateway/pkg/clusterresourcequota/controllers/clusterresourcequota_controller.go:77.16,79.3 1 0
github.com/fivetime/kubezoo-gateway/pkg/clusterresourcequota/controllers/clusterresourcequota_controller.go:80.2,81.12 2 0
github.com/fivetime/kubezoo-gateway/pkg/clusterresourcequota/controllers/clusterresourcequota_controller.go:97.112,100.16 3 0
github.com/fivetime/kubezoo-gateway/pkg/clusterresourcequota/controllers/clusterresourcequota_controller.go:100.16,102.3 1 0
github.com/fivetime/kubezoo-gateway/pkg/clusterresourcequota/controllers/clusterresourcequota_controller.go:104.2,105.16 2 0
github.com/fivetime/kubezoo-gateway/pkg/clusterresourcequota/controllers/clusterresourcequota_controller.go:105.16,107.3 1 0
github.com/fivetime/kubezoo-gateway/pkg/clusterresourcequota/controllers/clusterresourcequota_controller.go:109.2,110.16 2 0
github.com/fivetime/kubezoo-gateway/pkg/clusterresourcequota/controllers/clusterresourcequota_controller.go:110.16,112.3 1 0
github.com/fivetime/kubezoo-gateway/pkg/clusterresourcequota/controllers/clusterresourcequota_controller.go:114.2,116.39 2 0
github.com/fivetime/kubezoo-gateway/pkg/clusterresourcequota/controllers/clusterresourcequota_controller.go:116.39,118.17 2 0
github.com/fivetime/kubezoo-gateway/pkg/clusterresourcequota/controllers/clusterresourcequota_controller.go:118.17,120.4 1 0
github.com/fivetime/kubezoo-gateway/pkg/clusterresourcequota/controllers/clusterresourcequota_controller.go:121.3,123.29 2 0
github.com/fivetime/kubezoo-gateway/pkg/clusterresourcequota/controllers/clusterresourcequota_controller.go:125.2,125.44 1 0
github.com/fivetime/kubezoo-gateway/pkg/clusterresourcequota/controllers/clusterresourcequota_controller.go:125.44,127.36 1 0
github.com/fivetime/kubezoo-gateway/pkg/clusterresourcequota/controllers/clusterresourcequota_controller.go:127.36,130.4 2 0
github.com/fivetime/kubezoo-gateway/pkg/clusterresourcequota/controllers/clusterresourcequota_controller.go:133.2,133.73 1 0
github.com/fivetime/kubezoo-gateway/pkg/clusterresourcequota/controllers/clusterresourcequota_controller.go:133.73,135.3 1 0
github.com/fivetime/kubezoo-gateway/pkg/clusterresourcequota/controllers/clusterresourcequota_controller.go:137.2,137.32 1 0
github.com/fivetime/kubezoo-gateway/pkg/clusterresourcequota/controllers/clusterresourcequota_controller.go:140.162,147.31 5 0
github.com/fivetime/kubezoo-gateway/pkg/clusterresourcequota/controllers/clusterresourcequota_controller.go:147.31,149.3 1 0
github.com/fivetime/kubezoo-gateway/pkg/clusterresourcequota/controllers/clusterresourcequota_controller.go:151.2,160.11 3 0
github.com/fivetime/kubezoo-gateway/pkg/clusterresourcequota/controllers/clusterresourcequota_controller.go:160.11,162.123 2 0
github.com/fivetime/kubezoo-gateway/pkg/clusterresourcequota/controllers/clusterresourcequota_controller.go:162.123,165.4 2 0
github.com/fivetime/kubezoo-gateway/pkg/clusterresourcequota/controllers/clusterresourcequota_controller.go:166.3,166.17 1 0
github.com/fivetime/kubezoo-gateway/pkg/clusterresourcequota/controllers/clusterresourcequota_controller.go:166.17,168.4 1 0
github.com/fivetime/kubezoo-gateway/pkg/clusterresourcequota/controllers/clusterresourcequota_controller.go:170.2,170.12 1 0
github.com/fivetime/kubezoo-gateway/pkg/clusterresourcequota/controllers/clusterresourcequota_controller.go:173.225,178.24 3 0
github.com/fivetime/kubezoo-gateway/pkg/clusterresourcequota/controllers/clusterresourcequota_controller.go:178.24,182.61 4 0
github.com/fivetime/kubezoo-gateway/pkg/clusterresourcequota/controllers/clusterresourcequota_controller.go:182.61,188.12 4 0
github.com/fivetime/kubezoo-gateway/pkg/clusterresourcequota/controllers/clusterresourcequota_controller.go:190.3,190.19 1 0
github.com/fivetime/kubezoo-gateway/pkg/clusterresourcequota/controllers/clusterresourcequota_controller.go:190.19,193.4 1 0
github.com/fivetime/kubezoo-gateway/pkg/clusterresourcequota/controllers/clusterresourcequota_controller.go:194.3,194.26 1 0
github.com/fivetime/kubezoo-gateway/pkg/clusterresourcequota/controllers/clusterresourcequota_controller.go:194.26,196.12 2 0
github.com/fivetime/kubezoo-gateway/pkg/clusterresourcequota/controllers/clusterresourcequota_controller.go:198.3,200.30 2 0
github.com/fivetime/kubezoo-gateway/pkg/clusterresourcequota/controllers/clusterresourcequota_controller.go:203.2,203.25 1 0
github.com/fivetime/kubezoo-gateway/pkg/clusterresourcequota/controllers/clusterresourcequota_controller.go:203.25,220.3 4 0
github.com/fivetime/kubezoo-gateway/pkg/clusterresourcequota/controllers/clusterresourcequota_controller.go:222.2,225.29 2 0
github.com/fivetime/kubezoo-gateway/pkg/clusterresourcequota/controllers/clusterresourcequota_controller.go:225.29,227.114 2 0
github.com/fivetime/kubezoo-gateway/pkg/clusterresourcequota/controllers/clusterresourcequota_controller.go:227.114,228.18 1 0
github.com/fivetime/kubezoo-gateway/pkg/clusterresourcequota/controllers/clusterresourcequota_controller.go:228.18,231.5 2 0
github.com/fivetime/kubezoo-gateway/pkg/clusterresourcequota/controllers/clusterresourcequota_controller.go:232.4,232.17 1 0
github.com/fivetime/kubezoo-gateway/pkg/clusterresourcequota/controllers/clusterresourcequota_controller.go:232.17,234.5 1 0
github.com/fivetime/kubezoo-gateway/pkg/clusterresourcequota/controllers/clusterresourcequota_controller.go:235.4,235.14 1 0
github.com/fivetime/kubezoo-gateway/pkg/clusterresourcequota/controllers/clusterresourcequota_controller.go:237.3,237.17 1 0
github.com/fivetime/kubezoo-gateway/pkg/clusterresourcequota/controllers/clusterresourcequota_controller.go:237.17,239.4 1 0
github.com/fivetime/kubezoo-gateway/pkg/clusterresourcequota/controllers/clusterresourcequota_controller.go:242.2,242.26 1 0
github.com/fivetime/kubezoo-gateway/pkg/clusterresourcequota/controllers/clusterresourcequota_controller.go:245.183,253.16 4 0
github.com/fivetime/kubezoo-gateway/pkg/clusterresourcequota/controllers/clusterresourcequota_controller.go:253.16,255.3 1 0
github.com/fivetime/kubezoo-gateway/pkg/clusterresourcequota/controllers/clusterresourcequota_controller.go:257.2,260.33 3 0
github.com/fivetime/kubezoo-gateway/pkg/clusterresourcequota/controllers/clusterresourcequota_controller.go:260.33,264.3 3 0
github.com/fivetime/kubezoo-gateway/pkg/clusterresourcequota/controllers/clusterresourcequota_controller.go:266.2,266.42 1 0
github.com/fivetime/kubezoo-gateway/pkg/clusterresourcequota/controllers/clusterresourcequota_controller.go:269.144,271.48 2 0
github.com/fivetime/kubezoo-gateway/pkg/clusterresourcequota/controllers/clusterresourcequota_controller.go:271.48,274.17 3 0
github.com/fivetime/kubezoo-gateway/pkg/clusterresourcequota/controllers/clusterresourcequota_controller.go:274.17,276.4 1 0
github.com/fivetime/kubezoo-gateway/pkg/clusterresourcequota/controllers/clusterresourcequota_controller.go:277.3,278.17 2 0
github.com/fivetime/kubezoo-gateway/pkg/clusterresourcequota/controllers/clusterresourcequota_controller.go:278.17,280.4 1 0
github.com/fivetime/kubezoo-gateway/pkg/clusterresourcequota/controllers/clusterresourcequota_controller.go:282.3,282.35 1 0
github.com/fivetime/kubezoo-gateway/pkg/clusterresourcequota/controllers/clusterresourcequota_controller.go:282.35,284.4 1 0
github.com/fivetime/kubezoo-gateway/pkg/clusterresourcequota/controllers/clusterresourcequota_controller.go:287.2,287.52 1 0
github.com/fivetime/kubezoo-gateway/pkg/clusterresourcequota/controllers/clusterresourcequota_controller.go:287.52,290.17 3 0
github.com/fivetime/kubezoo-gateway/pkg/clusterresourcequota/controllers/clusterresourcequota_controller.go:290.17,291.30 1 0
github.com/fivetime/kubezoo-gateway/pkg/clusterresourcequota/controllers/clusterresourcequota_controller.go:291.30,292.13 1 0
github.com/fivetime/kubezoo-gateway/pkg/clusterresourcequota/controllers/clusterresourcequota_controller.go:294.4,294.19 1 0
github.com/fivetime/kubezoo-gateway/pkg/clusterresourcequota/controllers/clusterresourcequota_controller.go:296.3,296.26 1 0
github.com/fivetime/kubezoo-gateway/pkg/clusterresourcequota/controllers/clusterresourcequota_controller.go:298.2,298.24 1 0
github.com/fivetime/kubezoo-gateway/pkg/clusterresourcequota/controllers/clusterresourcequota_controller.go:308.159,310.9 2 0
github.com/fivetime/kubezoo-gateway/pkg/clusterresourcequota/controllers/clusterresourcequota_controller.go:310.9,312.3 1 0
github.com/fivetime/kubezoo-gateway/pkg/clusterresourcequota/controllers/clusterresourcequota_controller.go:314.2,316.16 3 0
github.com/fivetime/kubezoo-gateway/pkg/clusterresourcequota/controllers/clusterresourcequota_controller.go:316.16,319.3 2 0
github.com/fivetime/kubezoo-gateway/pkg/clusterresourcequota/controllers/clusterresourcequota_controller.go:321.2,321.33 1 0
github.com/fivetime/kubezoo-gateway/pkg/clusterresourcequota/controllers/clusterresourcequota_controller.go:321.33,324.26 2 0
github.com/fivetime/kubezoo-gateway/pkg/clusterresourcequota/controllers/clusterresourcequota_controller.go:324.26,331.4 1 0
github.com/fivetime/kubezoo-gateway/pkg/clusterresourcequota/controllers/clusterresourcequota_controller.go:335.152,336.2 0 0
github.com/fivetime/kubezoo-gateway/pkg/clusterresourcequota/controllers/clusterresourcequota_controller.go:338.152,339.2 0 0
github.com/fivetime/kubezoo-gateway/pkg/clusterresourcequota/controllers/clusterresourcequota_controller.go:341.154,342.2 0 0
github.com/fivetime/kubezoo-gateway/pkg/clusterresourcequota/controllers/clusterresourcequota_controller.go:344.84,346.16 2 0
github.com/fivetime/kubezoo-gateway/pkg/clusterresourcequota/controllers/clusterresourcequota_controller.go:346.16,348.3 1 0
github.com/fivetime/kubezoo-gateway/pkg/clusterresourcequota/controllers/clusterresourcequota_controller.go:349.2,350.68 2 0
github.com/fivetime/kubezoo-gateway/pkg/clusterresourcequota/controllers/util.go:46.45,46.75 1 0
github.com/fivetime/kubezoo-gateway/pkg/clusterresourcequota/controllers/util.go:49.56,49.86 1 0
github.com/fivetime/kubezoo-gateway/pkg/clusterresourcequota/controllers/util.go:53.77,55.2 1 0
github.com/fivetime/kubezoo-gateway/pkg/clusterresourcequota/controllers/util.go:59.77,61.2 1 0
github.com/fivetime/kubezoo-gateway/pkg/clusterresourcequota/controllers/util.go:70.43,76.16 4 0
github.com/fivetime/kubezoo-gateway/pkg/clusterresourcequota/controllers/util.go:76.16,77.16 1 0
github.com/fivetime/kubezoo-gateway/pkg/clusterresourcequota/controllers/util.go:77.16,79.5 1 0
github.com/fivetime/kubezoo-gateway/pkg/clusterresourcequota/controllers/util.go:79.10,81.56 1 0
github.com/fivetime/kubezoo-gateway/pkg/clusterresourcequota/controllers/util.go:81.56,83.6 1 0
github.com/fivetime/kubezoo-gateway/pkg/clusterresourcequota/controllers/util.go:85.4,86.46 2 0
github.com/fivetime/kubezoo-gateway/pkg/clusterresourcequota/controllers/util.go:86.46,88.5 1 0
github.com/fivetime/kubezoo-gateway/pkg/clusterresourcequota/controllers/util.go:89.4,89.50 1 0
github.com/fivetime/kubezoo-gateway/pkg/clusterresourcequota/controllers/util.go:89.50,92.5 1 0
github.com/fivetime/kubezoo-gateway/pkg/clusterresourcequota/controllers/util.go:93.4,93.53 1 0
github.com/fivetime/kubezoo-gateway/pkg/clusterresourcequota/controllers/util.go:93.53,96.5 1 0
github.com/fivetime/kubezoo-gateway/pkg/clusterresourcequota/controllers/util.go:98.4,99.14 2 0
github.com/fivetime/kubezoo-gateway/pkg/clusterresourcequota/controllers/util.go:102.2,102.16 1 0
github.com/fivetime/kubezoo-gateway/pkg/clusterresourcequota/controllers/util.go:102.16,104.3 1 0
github.com/fivetime/kubezoo-gateway/pkg/clusterresourcequota/controllers/util.go:105.2,105.20 1 0
github.com/fivetime/kubezoo-gateway/pkg/clusterresourcequota/controllers/util.go:109.87,110.28 1 0
github.com/fivetime/kubezoo-gateway/pkg/clusterresourcequota/controllers/util.go:110.28,112.3 1 0
github.com/fivetime/kubezoo-gateway/pkg/clusterresourcequota/controllers/util.go:113.2,113.62 1 0
github.com/fivetime/kubezoo-gateway/pkg/clusterresourcequota/controllers/util.go:113.62,115.3 1 0
github.com/fivetime/kubezoo-gateway/pkg/clusterresourcequota/controllers/util.go:116.2,116.12 1 0
github.com/fivetime/kubezoo-gateway/pkg/clusterresourcequota/controllers/webhook.go:58.82,82.16 5 0
github.com/fivetime/kubezoo-gateway/pkg/clusterresourcequota/controllers/webhook.go:82.16,84.3 1 0
github.com/fivetime/kubezoo-gateway/pkg/clusterresourcequota/controllers/webhook.go:86.2,97.8 1 0
github.com/fivetime/kubezoo-gateway/pkg/clusterresourcequota/controllers/webhook.go:101.60,104.2 2 0
github.com/fivetime/kubezoo-gateway/pkg/clusterresourcequota/controllers/webhook.go:106.91,107.41 1 0
github.com/fivetime/kubezoo-gateway/pkg/clusterresourcequota/controllers/webhook.go:107.41,110.17 3 0
github.com/fivetime/kubezoo-gateway/pkg/clusterresourcequota/controllers/webhook.go:110.17,112.4 1 0
github.com/fivetime/kubezoo-gateway/pkg/clusterresourcequota/controllers/webhook.go:113.3,116.17 4 0
github.com/fivetime/kubezoo-gateway/pkg/clusterresourcequota/controllers/webhook.go:116.17,118.36 2 0
github.com/fivetime/kubezoo-gateway/pkg/clusterresourcequota/controllers/webhook.go:118.36,120.5 1 0
github.com/fivetime/kubezoo-gateway/pkg/clusterresourcequota/controllers/webhook.go:121.4,121.40 1 0
github.com/fivetime/kubezoo-gateway/pkg/clusterresourcequota/controllers/webhook.go:124.2,124.30 1 0
github.com/fivetime/kubezoo-gateway/pkg/clusterresourcequota/controllers/webhook.go:127.90,134.36 2 0
github.com/fivetime/kubezoo-gateway/pkg/clusterresourcequota/controllers/webhook.go:134.36,136.3 1 0
github.com/fivetime/kubezoo-gateway/pkg/clusterresourcequota/controllers/webhook.go:138.2,150.3 1 0
github.com/fivetime/kubezoo-gateway/pkg/clusterresourcequota/controllers/webhook.go:157.85,163.16 4 0
github.com/fivetime/kubezoo-gateway/pkg/clusterresourcequota/controllers/webhook.go:163.16,165.3 1 0
github.com/fivetime/kubezoo-gateway/pkg/clusterresourcequota/controllers/webhook.go:166.2,167.33 2 0
github.com/fivetime/kubezoo-gateway/pkg/clusterresourcequota/controllers/webhook.go:167.33,170.45 3 0
github.com/fivetime/kubezoo-gateway/pkg/clusterresourcequota/controllers/webhook.go:170.45,171.12 1 0
github.com/fivetime/kubezoo-gateway/pkg/clusterresourcequota/controllers/webhook.go:173.3,175.17 3 0
github.com/fivetime/kubezoo-gateway/pkg/clusterresourcequota/controllers/webhook.go:175.17,176.30 1 0
github.com/fivetime/kubezoo-gateway/pkg/clusterresourcequota/controllers/webhook.go:176.30,177.13 1 0
github.com/fivetime/kubezoo-gateway/pkg/clusterresourcequota/controllers/webhook.go:179.4,179.19 1 0
github.com/fivetime/kubezoo-gateway/pkg/clusterresourcequota/controllers/webhook.go:182.3,185.34 3 0
github.com/fivetime/kubezoo-gateway/pkg/clusterresourcequota/controllers/webhook.go:187.2,187.20 1 0
github.com/fivetime/kubezoo-gateway/pkg/clusterresourcequota/controllers/webhook.go:190.81,192.2 1 0
github.com/fivetime/kubezoo-gateway/pkg/clusterresourcequota/controllers/webhook.go:195.90,203.2 2 0
github.com/fivetime/kubezoo-gateway/pkg/proxy/pod/proxy.go:30.95,35.2 1 0
github.com/fivetime/kubezoo-gateway/pkg/proxy/pod/proxy.go:40.32,40.33 0 0
github.com/fivetime/kubezoo-gateway/pkg/proxy/pod/proxy.go:48.42,50.2 1 0
github.com/fivetime/kubezoo-gateway/pkg/proxy/pod/proxy.go:53.47,55.2 1 0
github.com/fivetime/kubezoo-gateway/pkg/proxy/pod/proxy.go:58.72,60.2 1 0
github.com/fivetime/kubezoo-gateway/pkg/proxy/pod/proxy.go:63.130,64.73 1 0
github.com/fivetime/kubezoo-gateway/pkg/proxy/pod/proxy.go:64.73,67.10 2 0
github.com/fivetime/kubezoo-gateway/pkg/proxy/pod/proxy.go:67.10,70.4 2 0
github.com/fivetime/kubezoo-gateway/pkg/proxy/pod/proxy.go:72.3,73.10 2 0
github.com/fivetime/kubezoo-gateway/pkg/proxy/pod/proxy.go:73.10,76.4 2 0
github.com/fivetime/kubezoo-gateway/pkg/proxy/pod/proxy.go:77.3,82.27 3 0
github.com/fivetime/kubezoo-gateway/pkg/proxy/pod/proxy.go:82.27,83.42 1 0
github.com/fivetime/kubezoo-gateway/pkg/proxy/pod/proxy.go:83.42,86.10 2 0
github.com/fivetime/kubezoo-gateway/pkg/proxy/pod/proxy.go:96.3,97.52 2 0
github.com/fivetime/kubezoo-gateway/pkg/proxy/pod/proxy.go:97.52,99.4 1 0
github.com/fivetime/kubezoo-gateway/pkg/proxy/pod/proxy.go:101.3,111.24 5 0
github.com/fivetime/kubezoo-gateway/pkg/proxy/pod/proxy.go:111.24,113.4 1 0
github.com/fivetime/kubezoo-gateway/pkg/proxy/pod/proxy.go:114.3,127.33 4 0
github.com/fivetime/kubezoo-gateway/pkg/proxy/pod/proxy.go:137.79,139.2 1 0
github.com/fivetime/kubezoo-gateway/cmd/kubezoo/app/options/options.go:84.46,125.2 3 0
github.com/fivetime/kubezoo-gateway/cmd/kubezoo/app/options/options.go:128.64,228.2 40 0
github.com/fivetime/kubezoo-gateway/cmd/kubezoo/app/options/proxy.go:31.38,37.2 1 0
github.com/fivetime/kubezoo-gateway/cmd/kubezoo/app/options/proxy.go:39.52,40.14 1 0
github.com/fivetime/kubezoo-gateway/cmd/kubezoo/app/options/proxy.go:40.14,42.3 1 0
github.com/fivetime/kubezoo-gateway/cmd/kubezoo/app/options/proxy.go:43.2,60.171 10 0
github.com/fivetime/kubezoo-gateway/cmd/kubezoo/app/options/proxy.go:63.43,64.14 1 0
github.com/fivetime/kubezoo-gateway/cmd/kubezoo/app/options/proxy.go:64.14,66.3 1 0
github.com/fivetime/kubezoo-gateway/cmd/kubezoo/app/options/proxy.go:68.2,70.35 2 0
github.com/fivetime/kubezoo-gateway/cmd/kubezoo/app/options/proxy.go:70.35,72.3 1 0
github.com/fivetime/kubezoo-gateway/cmd/kubezoo/app/options/proxy.go:73.2,73.36 1 0
github.com/fivetime/kubezoo-gateway/cmd/kubezoo/app/options/proxy.go:73.36,75.3 1 0
github.com/fivetime/kubezoo-gateway/cmd/kubezoo/app/options/proxy.go:76.2,76.37 1 0
github.com/fivetime/kubezoo-gateway/cmd/kubezoo/app/options/proxy.go:76.37,78.3 1 0
github.com/fivetime/kubezoo-gateway/cmd/kubezoo/app/options/proxy.go:79.2,79.33 1 0
github.com/fivetime/kubezoo-gateway/cmd/kubezoo/app/options/proxy.go:79.33,81.3 1 0
github.com/fivetime/kubezoo-gateway/cmd/kubezoo/app/options/proxy.go:82.2,82.30 1 0
github.com/fivetime/kubezoo-gateway/cmd/kubezoo/app/options/proxy.go:82.30,84.3 1 0
github.com/fivetime/kubezoo-gateway/cmd/kubezoo/app/options/proxy.go:85.2,85.32 1 0
github.com/fivetime/kubezoo-gateway/cmd/kubezoo/app/options/proxy.go:85.32,87.3 1 0
github.com/fivetime/kubezoo-gateway/cmd/kubezoo/app/options/proxy.go:88.2,88.29 1 0
github.com/fivetime/kubezoo-gateway/cmd/kubezoo/app/options/proxy.go:88.29,90.3 1 0
github.com/fivetime/kubezoo-gateway/cmd/kubezoo/app/options/proxy.go:91.2,91.46 1 0
github.com/fivetime/kubezoo-gateway/cmd/kubezoo/app/options/proxy.go:91.46,93.3 1 0
github.com/fivetime/kubezoo-gateway/cmd/kubezoo/app/options/proxy.go:94.2,94.15 1 0
github.com/fivetime/kubezoo-gateway/cmd/kubezoo/app/options/validation.go:33.64,37.52 2 0
github.com/fivetime/kubezoo-gateway/cmd/kubezoo/app/options/validation.go:37.52,39.3 1 0
github.com/fivetime/kubezoo-gateway/cmd/kubezoo/app/options/validation.go:41.2,42.40 2 0
github.com/fivetime/kubezoo-gateway/cmd/kubezoo/app/options/validation.go:42.40,44.3 1 0
github.com/fivetime/kubezoo-gateway/cmd/kubezoo/app/options/validation.go:48.2,49.20 2 0
github.com/fivetime/kubezoo-gateway/cmd/kubezoo/app/options/validation.go:49.20,51.3 1 0
github.com/fivetime/kubezoo-gateway/cmd/kubezoo/app/options/validation.go:56.2,62.40 2 0
github.com/fivetime/kubezoo-gateway/cmd/kubezoo/app/options/validation.go:62.40,65.17 2 0
github.com/fivetime/kubezoo-gateway/cmd/kubezoo/app/options/validation.go:65.17,67.4 1 0
github.com/fivetime/kubezoo-gateway/cmd/kubezoo/app/options/validation.go:69.3,69.17 1 0
github.com/fivetime/kubezoo-gateway/cmd/kubezoo/app/options/validation.go:69.17,71.4 1 0
github.com/fivetime/kubezoo-gateway/cmd/kubezoo/app/options/validation.go:76.3,77.21 2 0
github.com/fivetime/kubezoo-gateway/cmd/kubezoo/app/options/validation.go:77.21,79.4 1 0
github.com/fivetime/kubezoo-gateway/cmd/kubezoo/app/options/validation.go:82.2,82.13 1 0
github.com/fivetime/kubezoo-gateway/cmd/kubezoo/app/options/validation.go:85.65,88.88 2 0
github.com/fivetime/kubezoo-gateway/cmd/kubezoo/app/options/validation.go:88.88,90.3 1 0
github.com/fivetime/kubezoo-gateway/cmd/kubezoo/app/options/validation.go:92.2,92.120 1 0
github.com/fivetime/kubezoo-gateway/cmd/kubezoo/app/options/validation.go:92.120,94.3 1 0
github.com/fivetime/kubezoo-gateway/cmd/kubezoo/app/options/validation.go:95.2,95.13 1 0
github.com/fivetime/kubezoo-gateway/cmd/kubezoo/app/options/validation.go:98.62,107.22 4 0
github.com/fivetime/kubezoo-gateway/cmd/kubezoo/app/options/validation.go:107.22,109.3 1 0
github.com/fivetime/kubezoo-gateway/cmd/kubezoo/app/options/validation.go:111.2,111.41 1 0
github.com/fivetime/kubezoo-gateway/cmd/kubezoo/app/options/validation.go:111.41,113.3 1 0
github.com/fivetime/kubezoo-gateway/cmd/kubezoo/app/options/validation.go:115.2,115.13 1 0
github.com/fivetime/kubezoo-gateway/cmd/kubezoo/app/options/validation.go:119.47,121.24 2 0
github.com/fivetime/kubezoo-gateway/cmd/kubezoo/app/options/validation.go:121.24,123.3 1 0
github.com/fivetime/kubezoo-gateway/cmd/kubezoo/app/options/validation.go:124.2,137.13 13 0
